"No.","Time","Source","Length","stNum","sqNum","goID"
"12","0.000000000","ipcas_21:73:33","203","1","0","LIED10MEAS/LLN0$Measurement"
"68","1.032296508","ipcas_21:73:33","203","1","1","LIED10MEAS/LLN0$Measurement"
"125","1.043005389","ipcas_21:73:33","203","1","2","LIED10MEAS/LLN0$Measurement"
"183","1.046475083","ipcas_21:73:33","203","1","3","LIED10MEAS/LLN0$Measurement"
"240","1.042867295","ipcas_21:73:33","203","1","4","LIED10MEAS/LLN0$Measurement"
"297","1.051355916","ipcas_21:73:33","203","1","5","LIED10MEAS/LLN0$Measurement"
"354","1.059305112","ipcas_21:73:33","203","1","6","LIED10MEAS/LLN0$Measurement"
"411","1.060795979","ipcas_21:73:33","203","1","7","LIED10MEAS/LLN0$Measurement"
"468","1.060692378","ipcas_21:73:33","203","1","8","LIED10MEAS/LLN0$Measurement"
"526","1.047861605","ipcas_21:73:33","203","1","9","LIED10MEAS/LLN0$Measurement"
"587","1.046263014","ipcas_21:73:33","203","1","10","LIED10MEAS/LLN0$Measurement"
"588","0.003048645","ipcas_21:73:33","203","1","11","LIED10MEAS/LLN0$Measurement"
"647","1.060941167","ipcas_21:73:33","203","1","11","LIED10MEAS/LLN0$Measurement"
"703","1.057542078","ipcas_21:73:33","203","1","12","LIED10MEAS/LLN0$Measurement"
"760","1.053653615","ipcas_21:73:33","203","1","13","LIED10MEAS/LLN0$Measurement"
"818","1.061907646","ipcas_21:73:33","203","1","14","LIED10MEAS/LLN0$Measurement"
"881","1.055586314","ipcas_21:73:33","203","1","15","LIED10MEAS/LLN0$Measurement"
"938","1.054310512","ipcas_21:73:33","203","1","16","LIED10MEAS/LLN0$Measurement"
"994","1.039758035","ipcas_21:73:33","203","1","17","LIED10MEAS/LLN0$Measurement"
"1051","1.058619633","ipcas_21:73:33","203","1","18","LIED10MEAS/LLN0$Measurement"
"1109","1.054681167","ipcas_21:73:33","203","1","19","LIED10MEAS/LLN0$Measurement"
"1174","1.040023264","ipcas_21:73:33","203","1","20","LIED10MEAS/LLN0$Measurement"
"1175","0.003286199","ipcas_21:73:33","203","1","21","LIED10MEAS/LLN0$Measurement"
"1232","1.058346021","ipcas_21:73:33","203","1","21","LIED10MEAS/LLN0$Measurement"
"1287","1.070991524","ipcas_21:73:33","203","1","22","LIED10MEAS/LLN0$Measurement"
"1344","1.038239388","ipcas_21:73:33","203","1","23","LIED10MEAS/LLN0$Measurement"
"1404","1.062411042","ipcas_21:73:33","203","1","24","LIED10MEAS/LLN0$Measurement"
"1465","1.073707754","ipcas_21:73:33","203","1","25","LIED10MEAS/LLN0$Measurement"
"1523","1.030067037","ipcas_21:73:33","203","1","26","LIED10MEAS/LLN0$Measurement"
"1578","1.057243585","ipcas_21:73:33","203","1","27","LIED10MEAS/LLN0$Measurement"
"1637","1.044535744","ipcas_21:73:33","203","1","28","LIED10MEAS/LLN0$Measurement"
"1697","1.053375509","ipcas_21:73:33","203","1","29","LIED10MEAS/LLN0$Measurement"
"1758","1.072526339","ipcas_21:73:33","203","1","30","LIED10MEAS/LLN0$Measurement"
"1771","0.017657480","ipcas_21:73:33","203","1","31","LIED10MEAS/LLN0$Measurement"
"1817","1.035244180","ipcas_21:73:33","203","1","31","LIED10MEAS/LLN0$Measurement"
"1872","1.060620820","ipcas_21:73:33","203","1","32","LIED10MEAS/LLN0$Measurement"
"1929","1.049866192","ipcas_21:73:33","203","1","33","LIED10MEAS/LLN0$Measurement"
"1988","1.073130821","ipcas_21:73:33","203","1","34","LIED10MEAS/LLN0$Measurement"
"2049","1.054824992","ipcas_21:73:33","203","1","35","LIED10MEAS/LLN0$Measurement"
"2107","1.041054764","ipcas_21:73:33","203","1","36","LIED10MEAS/LLN0$Measurement"
"2163","1.057466123","ipcas_21:73:33","203","1","37","LIED10MEAS/LLN0$Measurement"
"2220","1.055990947","ipcas_21:73:33","203","1","38","LIED10MEAS/LLN0$Measurement"
"2279","1.043279307","ipcas_21:73:33","203","1","39","LIED10MEAS/LLN0$Measurement"
"2342","1.055732618","ipcas_21:73:33","203","1","40","LIED10MEAS/LLN0$Measurement"
"2399","1.056148340","ipcas_21:73:33","203","1","41","LIED10MEAS/LLN0$Measurement"
"2454","1.035028834","ipcas_21:73:33","203","1","42","LIED10MEAS/LLN0$Measurement"
"2512","1.059720005","ipcas_21:73:33","203","1","43","LIED10MEAS/LLN0$Measurement"
"2571","1.056194472","ipcas_21:73:33","203","1","44","LIED10MEAS/LLN0$Measurement"
"2634","1.060454675","ipcas_21:73:33","203","1","45","LIED10MEAS/LLN0$Measurement"
"2691","1.055511145","ipcas_21:73:33","203","1","46","LIED10MEAS/LLN0$Measurement"
"2746","1.052254074","ipcas_21:73:33","203","1","47","LIED10MEAS/LLN0$Measurement"
"2806","1.060241748","ipcas_21:73:33","203","1","48","LIED10MEAS/LLN0$Measurement"
"2866","1.059775066","ipcas_21:73:33","203","1","49","LIED10MEAS/LLN0$Measurement"
"2929","1.085484794","ipcas_21:73:33","203","1","50","LIED10MEAS/LLN0$Measurement"
"2986","1.054183444","ipcas_21:73:33","203","1","51","LIED10MEAS/LLN0$Measurement"
"3041","1.063737858","ipcas_21:73:33","203","1","52","LIED10MEAS/LLN0$Measurement"
"3100","1.055879299","ipcas_21:73:33","203","1","53","LIED10MEAS/LLN0$Measurement"
"3162","1.063146252","ipcas_21:73:33","203","1","54","LIED10MEAS/LLN0$Measurement"
"3222","1.042549483","ipcas_21:73:33","203","1","55","LIED10MEAS/LLN0$Measurement"
"3278","1.059641452","ipcas_21:73:33","203","1","56","LIED10MEAS/LLN0$Measurement"
"3333","1.047685799","ipcas_21:73:33","203","1","57","LIED10MEAS/LLN0$Measurement"
"3394","1.067062656","ipcas_21:73:33","203","1","58","LIED10MEAS/LLN0$Measurement"
"3456","1.087816425","ipcas_21:73:33","203","1","59","LIED10MEAS/LLN0$Measurement"
"3516","1.060935538","ipcas_21:73:33","203","1","60","LIED10MEAS/LLN0$Measurement"
"3571","1.081691234","ipcas_21:73:33","203","1","61","LIED10MEAS/LLN0$Measurement"
"3627","1.053063384","ipcas_21:73:33","203","1","62","LIED10MEAS/LLN0$Measurement"
"3687","1.056144131","ipcas_21:73:33","203","1","63","LIED10MEAS/LLN0$Measurement"
"3748","1.068011432","ipcas_21:73:33","203","1","64","LIED10MEAS/LLN0$Measurement"
"3807","1.044404567","ipcas_21:73:33","203","1","65","LIED10MEAS/LLN0$Measurement"
"3862","1.067356504","ipcas_21:73:33","203","1","66","LIED10MEAS/LLN0$Measurement"
"3918","1.062037232","ipcas_21:73:33","203","1","67","LIED10MEAS/LLN0$Measurement"
"3980","1.063385038","ipcas_21:73:33","203","1","68","LIED10MEAS/LLN0$Measurement"
"4042","1.050637469","ipcas_21:73:33","203","1","69","LIED10MEAS/LLN0$Measurement"
"4101","1.065995732","ipcas_21:73:33","203","1","70","LIED10MEAS/LLN0$Measurement"
"4157","1.065981322","ipcas_21:73:33","203","1","71","LIED10MEAS/LLN0$Measurement"
"4214","1.070585838","ipcas_21:73:33","203","1","72","LIED10MEAS/LLN0$Measurement"
"4274","1.045803441","ipcas_21:73:33","203","1","73","LIED10MEAS/LLN0$Measurement"
"4332","1.068748428","ipcas_21:73:33","203","1","74","LIED10MEAS/LLN0$Measurement"
"4387","1.031036038","ipcas_21:73:33","203","1","75","LIED10MEAS/LLN0$Measurement"
"4444","1.062093475","ipcas_21:73:33","203","1","76","LIED10MEAS/LLN0$Measurement"
"4501","1.060427903","ipcas_21:73:33","203","1","77","LIED10MEAS/LLN0$Measurement"
"4560","1.069370919","ipcas_21:73:33","203","1","78","LIED10MEAS/LLN0$Measurement"
"4618","1.059859526","ipcas_21:73:33","203","1","79","LIED10MEAS/LLN0$Measurement"
"4675","1.041763173","ipcas_21:73:33","203","1","80","LIED10MEAS/LLN0$Measurement"
"4730","1.060784926","ipcas_21:73:33","203","1","81","LIED10MEAS/LLN0$Measurement"
"4787","1.055782457","ipcas_21:73:33","203","1","82","LIED10MEAS/LLN0$Measurement"
"4845","1.048705175","ipcas_21:73:33","203","1","83","LIED10MEAS/LLN0$Measurement"
"4902","1.074046721","ipcas_21:73:33","203","1","84","LIED10MEAS/LLN0$Measurement"
"4963","1.047196987","ipcas_21:73:33","203","1","85","LIED10MEAS/LLN0$Measurement"
"5028","1.089861894","ipcas_21:73:33","203","1","86","LIED10MEAS/LLN0$Measurement"
"5091","1.065396161","ipcas_21:73:33","203","1","87","LIED10MEAS/LLN0$Measurement"
"5150","1.055983921","ipcas_21:73:33","203","1","88","LIED10MEAS/LLN0$Measurement"
"5208","1.065314858","ipcas_21:73:33","203","1","89","LIED10MEAS/LLN0$Measurement"
"5267","1.050030462","ipcas_21:73:33","203","1","90","LIED10MEAS/LLN0$Measurement"
"5323","1.063397757","ipcas_21:73:33","203","1","91","LIED10MEAS/LLN0$Measurement"
"5383","1.054459994","ipcas_21:73:33","203","1","92","LIED10MEAS/LLN0$Measurement"
"5442","1.033856255","ipcas_21:73:33","203","1","93","LIED10MEAS/LLN0$Measurement"
"5500","1.041084629","ipcas_21:73:33","203","1","94","LIED10MEAS/LLN0$Measurement"
"5555","1.032216380","ipcas_21:73:33","203","1","95","LIED10MEAS/LLN0$Measurement"
"5610","1.045938683","ipcas_21:73:33","203","1","96","LIED10MEAS/LLN0$Measurement"
"5670","1.025662672","ipcas_21:73:33","203","1","97","LIED10MEAS/LLN0$Measurement"
"5727","1.054504356","ipcas_21:73:33","203","1","98","LIED10MEAS/LLN0$Measurement"
"5786","1.060820670","ipcas_21:73:33","203","1","99","LIED10MEAS/LLN0$Measurement"
"5843","1.071709635","ipcas_21:73:33","203","1","100","LIED10MEAS/LLN0$Measurement"
"5899","1.056640972","ipcas_21:73:33","203","1","101","LIED10MEAS/LLN0$Measurement"
"5959","1.061563672","ipcas_21:73:33","203","1","102","LIED10MEAS/LLN0$Measurement"
"6017","1.056234373","ipcas_21:73:33","203","1","103","LIED10MEAS/LLN0$Measurement"
"6074","1.055926412","ipcas_21:73:33","203","1","104","LIED10MEAS/LLN0$Measurement"
"6129","1.061267641","ipcas_21:73:33","203","1","105","LIED10MEAS/LLN0$Measurement"
"6186","1.046722789","ipcas_21:73:33","203","1","106","LIED10MEAS/LLN0$Measurement"
"6246","1.058495131","ipcas_21:73:33","203","1","107","LIED10MEAS/LLN0$Measurement"
"6306","1.043086751","ipcas_21:73:33","203","1","108","LIED10MEAS/LLN0$Measurement"
"6359","1.044909713","ipcas_21:73:33","203","1","109","LIED10MEAS/LLN0$Measurement"
"6415","1.057906200","ipcas_21:73:33","203","1","110","LIED10MEAS/LLN0$Measurement"
"6473","1.055497648","ipcas_21:73:33","203","1","111","LIED10MEAS/LLN0$Measurement"
"6534","1.090448183","ipcas_21:73:33","203","1","112","LIED10MEAS/LLN0$Measurement"
"6592","1.043677661","ipcas_21:73:33","203","1","113","LIED10MEAS/LLN0$Measurement"
"6646","1.056144854","ipcas_21:73:33","203","1","114","LIED10MEAS/LLN0$Measurement"
"6703","1.065669763","ipcas_21:73:33","203","1","115","LIED10MEAS/LLN0$Measurement"
"6763","1.054347518","ipcas_21:73:33","203","1","116","LIED10MEAS/LLN0$Measurement"
"6822","1.105880452","ipcas_21:73:33","203","1","117","LIED10MEAS/LLN0$Measurement"
"6887","1.056760970","ipcas_21:73:33","203","1","118","LIED10MEAS/LLN0$Measurement"
"6957","1.037406001","ipcas_21:73:33","203","1","119","LIED10MEAS/LLN0$Measurement"
"7045","1.058248276","ipcas_21:73:33","203","1","120","LIED10MEAS/LLN0$Measurement"
"7130","1.047736432","ipcas_21:73:33","203","1","121","LIED10MEAS/LLN0$Measurement"
"7216","1.050900437","ipcas_21:73:33","203","1","122","LIED10MEAS/LLN0$Measurement"
"7323","1.054743574","ipcas_21:73:33","203","1","123","LIED10MEAS/LLN0$Measurement"
"7405","1.041382564","ipcas_21:73:33","203","1","124","LIED10MEAS/LLN0$Measurement"
"7468","1.086758804","ipcas_21:73:33","203","1","125","LIED10MEAS/LLN0$Measurement"
"7536","1.050088099","ipcas_21:73:33","203","1","126","LIED10MEAS/LLN0$Measurement"
"7610","1.061178972","ipcas_21:73:33","203","1","127","LIED10MEAS/LLN0$Measurement"
"7675","1.069370595","ipcas_21:73:33","204","1","128","LIED10MEAS/LLN0$Measurement"
"7737","1.084877954","ipcas_21:73:33","204","1","129","LIED10MEAS/LLN0$Measurement"
"7806","1.062310725","ipcas_21:73:33","204","1","130","LIED10MEAS/LLN0$Measurement"
"7896","1.101863804","ipcas_21:73:33","204","1","131","LIED10MEAS/LLN0$Measurement"
"7959","1.034460338","ipcas_21:73:33","204","1","132","LIED10MEAS/LLN0$Measurement"
"8019","1.043486110","ipcas_21:73:33","204","1","133","LIED10MEAS/LLN0$Measurement"
"8079","1.042716306","ipcas_21:73:33","204","1","134","LIED10MEAS/LLN0$Measurement"
"8129","1.047614944","ipcas_21:73:33","204","1","135","LIED10MEAS/LLN0$Measurement"
"8184","1.029260677","ipcas_21:73:33","204","1","136","LIED10MEAS/LLN0$Measurement"
"8250","1.074006734","ipcas_21:73:33","204","1","137","LIED10MEAS/LLN0$Measurement"
"8310","1.067224985","ipcas_21:73:33","204","1","138","LIED10MEAS/LLN0$Measurement"
"8364","1.109304362","ipcas_21:73:33","204","1","139","LIED10MEAS/LLN0$Measurement"
"8416","0.990859327","ipcas_21:73:33","204","1","140","LIED10MEAS/LLN0$Measurement"
"8500","1.089196270","ipcas_21:73:33","204","1","141","LIED10MEAS/LLN0$Measurement"
"8559","1.052845681","ipcas_21:73:33","204","1","142","LIED10MEAS/LLN0$Measurement"
"8612","1.028805158","ipcas_21:73:33","204","1","143","LIED10MEAS/LLN0$Measurement"
"8673","1.064575092","ipcas_21:73:33","204","1","144","LIED10MEAS/LLN0$Measurement"
"8733","1.041026761","ipcas_21:73:33","204","1","145","LIED10MEAS/LLN0$Measurement"
"8790","1.051507362","ipcas_21:73:33","204","1","146","LIED10MEAS/LLN0$Measurement"
"8847","1.042200666","ipcas_21:73:33","204","1","147","LIED10MEAS/LLN0$Measurement"
"8927","1.028982284","ipcas_21:73:33","204","1","148","LIED10MEAS/LLN0$Measurement"
"9019","1.044197205","ipcas_21:73:33","204","1","149","LIED10MEAS/LLN0$Measurement"
"9159","1.060739864","ipcas_21:73:33","204","1","150","LIED10MEAS/LLN0$Measurement"
"9298","1.062193079","ipcas_21:73:33","204","1","151","LIED10MEAS/LLN0$Measurement"
"9406","1.076892992","ipcas_21:73:33","204","1","152","LIED10MEAS/LLN0$Measurement"
"9488","1.027349274","ipcas_21:73:33","204","1","153","LIED10MEAS/LLN0$Measurement"
"9588","1.055358522","ipcas_21:73:33","204","1","154","LIED10MEAS/LLN0$Measurement"
"9675","1.054114410","ipcas_21:73:33","204","1","155","LIED10MEAS/LLN0$Measurement"
"9742","1.067071231","ipcas_21:73:33","204","1","156","LIED10MEAS/LLN0$Measurement"
"9808","1.068627128","ipcas_21:73:33","204","1","157","LIED10MEAS/LLN0$Measurement"
"9882","1.092399436","ipcas_21:73:33","204","1","158","LIED10MEAS/LLN0$Measurement"
"9940","1.041778897","ipcas_21:73:33","204","1","159","LIED10MEAS/LLN0$Measurement"
"10001","1.059758644","ipcas_21:73:33","204","1","160","LIED10MEAS/LLN0$Measurement"
"10074","1.059366541","ipcas_21:73:33","204","1","161","LIED10MEAS/LLN0$Measurement"
"10171","1.052328242","ipcas_21:73:33","204","1","162","LIED10MEAS/LLN0$Measurement"
"10278","1.041663271","ipcas_21:73:33","204","1","163","LIED10MEAS/LLN0$Measurement"
"10385","1.039963762","ipcas_21:73:33","204","1","164","LIED10MEAS/LLN0$Measurement"
"10467","1.065780753","ipcas_21:73:33","204","1","165","LIED10MEAS/LLN0$Measurement"
"10608","1.073431417","ipcas_21:73:33","204","1","166","LIED10MEAS/LLN0$Measurement"
"10692","1.051165745","ipcas_21:73:33","204","1","167","LIED10MEAS/LLN0$Measurement"
"10759","1.057506115","ipcas_21:73:33","204","1","168","LIED10MEAS/LLN0$Measurement"
"10822","1.047857425","ipcas_21:73:33","204","1","169","LIED10MEAS/LLN0$Measurement"
"10893","1.038988977","ipcas_21:73:33","204","1","170","LIED10MEAS/LLN0$Measurement"
"10962","1.047175766","ipcas_21:73:33","204","1","171","LIED10MEAS/LLN0$Measurement"
"11033","1.042012645","ipcas_21:73:33","204","1","172","LIED10MEAS/LLN0$Measurement"
"11105","1.086289536","ipcas_21:73:33","204","1","173","LIED10MEAS/LLN0$Measurement"
"11164","1.056618097","ipcas_21:73:33","204","1","174","LIED10MEAS/LLN0$Measurement"
"11225","1.048835579","ipcas_21:73:33","204","1","175","LIED10MEAS/LLN0$Measurement"
"11289","1.113442684","ipcas_21:73:33","204","1","176","LIED10MEAS/LLN0$Measurement"
"11348","1.044826750","ipcas_21:73:33","204","1","177","LIED10MEAS/LLN0$Measurement"
"11404","1.060225411","ipcas_21:73:33","204","1","178","LIED10MEAS/LLN0$Measurement"
"11463","1.053948848","ipcas_21:73:33","204","1","179","LIED10MEAS/LLN0$Measurement"
"11532","1.068245888","ipcas_21:73:33","204","1","180","LIED10MEAS/LLN0$Measurement"
"11589","1.101280355","ipcas_21:73:33","204","1","181","LIED10MEAS/LLN0$Measurement"
"11647","1.055267941","ipcas_21:73:33","204","1","182","LIED10MEAS/LLN0$Measurement"
"11705","1.060565513","ipcas_21:73:33","204","1","183","LIED10MEAS/LLN0$Measurement"
"11762","1.086259080","ipcas_21:73:33","204","1","184","LIED10MEAS/LLN0$Measurement"
"11819","1.026687530","ipcas_21:73:33","204","1","185","LIED10MEAS/LLN0$Measurement"
"11876","1.084449130","ipcas_21:73:33","204","1","186","LIED10MEAS/LLN0$Measurement"
"11931","1.034377424","ipcas_21:73:33","204","1","187","LIED10MEAS/LLN0$Measurement"
"11987","1.054524710","ipcas_21:73:33","204","1","188","LIED10MEAS/LLN0$Measurement"
"12045","1.044933887","ipcas_21:73:33","204","1","189","LIED10MEAS/LLN0$Measurement"
"12101","1.043340432","ipcas_21:73:33","204","1","190","LIED10MEAS/LLN0$Measurement"
"12199","1.047660825","ipcas_21:73:33","204","1","191","LIED10MEAS/LLN0$Measurement"
"12288","1.055421250","ipcas_21:73:33","204","1","192","LIED10MEAS/LLN0$Measurement"
"12430","1.029906555","ipcas_21:73:33","204","1","193","LIED10MEAS/LLN0$Measurement"
"12558","1.062462757","ipcas_21:73:33","204","1","194","LIED10MEAS/LLN0$Measurement"
"12664","1.035895160","ipcas_21:73:33","204","1","195","LIED10MEAS/LLN0$Measurement"
"12744","1.078780979","ipcas_21:73:33","204","1","196","LIED10MEAS/LLN0$Measurement"
"12836","1.039158749","ipcas_21:73:33","204","1","197","LIED10MEAS/LLN0$Measurement"
"12901","1.040770419","ipcas_21:73:33","204","1","198","LIED10MEAS/LLN0$Measurement"
"12968","1.082513801","ipcas_21:73:33","204","1","199","LIED10MEAS/LLN0$Measurement"
"13034","1.071157209","ipcas_21:73:33","204","1","200","LIED10MEAS/LLN0$Measurement"
"13103","1.060668972","ipcas_21:73:33","204","1","201","LIED10MEAS/LLN0$Measurement"
"13160","1.072145353","ipcas_21:73:33","204","1","202","LIED10MEAS/LLN0$Measurement"
"13219","1.057013310","ipcas_21:73:33","204","1","203","LIED10MEAS/LLN0$Measurement"
"13291","1.062432650","ipcas_21:73:33","204","1","204","LIED10MEAS/LLN0$Measurement"
"13399","1.072214842","ipcas_21:73:33","204","1","205","LIED10MEAS/LLN0$Measurement"
"13487","1.050174137","ipcas_21:73:33","204","1","206","LIED10MEAS/LLN0$Measurement"
"13550","1.078986110","ipcas_21:73:33","204","1","207","LIED10MEAS/LLN0$Measurement"
"13642","1.102065048","ipcas_21:73:33","204","1","208","LIED10MEAS/LLN0$Measurement"
"13750","1.061690661","ipcas_21:73:33","204","1","209","LIED10MEAS/LLN0$Measurement"
"13862","1.127553425","ipcas_21:73:33","204","1","210","LIED10MEAS/LLN0$Measurement"
"13926","1.025728311","ipcas_21:73:33","204","1","211","LIED10MEAS/LLN0$Measurement"
"13993","1.082377160","ipcas_21:73:33","204","1","212","LIED10MEAS/LLN0$Measurement"
"14066","1.070209674","ipcas_21:73:33","204","1","213","LIED10MEAS/LLN0$Measurement"
"14131","1.047528327","ipcas_21:73:33","204","1","214","LIED10MEAS/LLN0$Measurement"
"14192","1.043485355","ipcas_21:73:33","204","1","215","LIED10MEAS/LLN0$Measurement"
"14257","1.058824356","ipcas_21:73:33","204","1","216","LIED10MEAS/LLN0$Measurement"
"14319","1.071242413","ipcas_21:73:33","204","1","217","LIED10MEAS/LLN0$Measurement"
"14382","1.129247256","ipcas_21:73:33","204","1","218","LIED10MEAS/LLN0$Measurement"
"14443","1.037125200","ipcas_21:73:33","204","1","219","LIED10MEAS/LLN0$Measurement"
"14501","1.052443817","ipcas_21:73:33","204","1","220","LIED10MEAS/LLN0$Measurement"
"14563","1.094984266","ipcas_21:73:33","204","1","221","LIED10MEAS/LLN0$Measurement"
"14633","1.053450471","ipcas_21:73:33","204","1","222","LIED10MEAS/LLN0$Measurement"
"14680","1.051172422","ipcas_21:73:33","204","1","223","LIED10MEAS/LLN0$Measurement"
"14739","1.064421523","ipcas_21:73:33","204","1","224","LIED10MEAS/LLN0$Measurement"
"14820","1.126027594","ipcas_21:73:33","204","1","225","LIED10MEAS/LLN0$Measurement"
"14880","1.037889122","ipcas_21:73:33","204","1","226","LIED10MEAS/LLN0$Measurement"
"14938","1.061209957","ipcas_21:73:33","204","1","227","LIED10MEAS/LLN0$Measurement"
"14995","1.038017098","ipcas_21:73:33","204","1","228","LIED10MEAS/LLN0$Measurement"
"15053","1.033361877","ipcas_21:73:33","204","1","229","LIED10MEAS/LLN0$Measurement"
"15112","1.069061707","ipcas_21:73:33","204","1","230","LIED10MEAS/LLN0$Measurement"
"15170","1.053385484","ipcas_21:73:33","204","1","231","LIED10MEAS/LLN0$Measurement"
"15226","1.053417013","ipcas_21:73:33","204","1","232","LIED10MEAS/LLN0$Measurement"
"15276","1.050451776","ipcas_21:73:33","204","1","233","LIED10MEAS/LLN0$Measurement"
"15350","1.067022639","ipcas_21:73:33","204","1","234","LIED10MEAS/LLN0$Measurement"
"15459","1.092690984","ipcas_21:73:33","204","1","235","LIED10MEAS/LLN0$Measurement"
"15583","1.032460170","ipcas_21:73:33","204","1","236","LIED10MEAS/LLN0$Measurement"
"15720","1.029275875","ipcas_21:73:33","204","1","237","LIED10MEAS/LLN0$Measurement"
"15833","1.053654723","ipcas_21:73:33","204","1","238","LIED10MEAS/LLN0$Measurement"
"15924","1.041717133","ipcas_21:73:33","204","1","239","LIED10MEAS/LLN0$Measurement"
"16023","1.067518233","ipcas_21:73:33","204","1","240","LIED10MEAS/LLN0$Measurement"
"16105","1.059071967","ipcas_21:73:33","204","1","241","LIED10MEAS/LLN0$Measurement"
"16173","1.058476078","ipcas_21:73:33","204","1","242","LIED10MEAS/LLN0$Measurement"
"16237","1.057727578","ipcas_21:73:33","204","1","243","LIED10MEAS/LLN0$Measurement"
"16319","1.044518312","ipcas_21:73:33","204","1","244","LIED10MEAS/LLN0$Measurement"
"16383","1.087350546","ipcas_21:73:33","204","1","245","LIED10MEAS/LLN0$Measurement"
"16453","1.046499753","ipcas_21:73:33","204","1","246","LIED10MEAS/LLN0$Measurement"
"16552","1.035881912","ipcas_21:73:33","204","1","247","LIED10MEAS/LLN0$Measurement"
"16661","1.060280521","ipcas_21:73:33","204","1","248","LIED10MEAS/LLN0$Measurement"
"16727","1.041965882","ipcas_21:73:33","204","1","249","LIED10MEAS/LLN0$Measurement"
"16788","1.064611132","ipcas_21:73:33","204","1","250","LIED10MEAS/LLN0$Measurement"
"16874","1.053154401","ipcas_21:73:33","204","1","251","LIED10MEAS/LLN0$Measurement"
"16970","1.060396966","ipcas_21:73:33","204","1","252","LIED10MEAS/LLN0$Measurement"
"17097","1.057781433","ipcas_21:73:33","204","1","253","LIED10MEAS/LLN0$Measurement"
"17180","1.053893267","ipcas_21:73:33","204","1","254","LIED10MEAS/LLN0$Measurement"
"17247","1.035584016","ipcas_21:73:33","204","1","255","LIED10MEAS/LLN0$Measurement"
"17314","1.061304665","ipcas_21:73:33","204","1","256","LIED10MEAS/LLN0$Measurement"
"17374","1.041114355","ipcas_21:73:33","204","1","257","LIED10MEAS/LLN0$Measurement"
"17436","1.059283419","ipcas_21:73:33","204","1","258","LIED10MEAS/LLN0$Measurement"
"17501","1.043176235","ipcas_21:73:33","204","1","259","LIED10MEAS/LLN0$Measurement"
"17567","1.054159206","ipcas_21:73:33","204","1","260","LIED10MEAS/LLN0$Measurement"
"17627","1.055138637","ipcas_21:73:33","204","1","261","LIED10MEAS/LLN0$Measurement"
"17689","1.075564860","ipcas_21:73:33","204","1","262","LIED10MEAS/LLN0$Measurement"
"17747","1.038152311","ipcas_21:73:33","204","1","263","LIED10MEAS/LLN0$Measurement"
"17807","1.072522068","ipcas_21:73:33","204","1","264","LIED10MEAS/LLN0$Measurement"
"17866","1.034198921","ipcas_21:73:33","204","1","265","LIED10MEAS/LLN0$Measurement"
"17926","1.041384511","ipcas_21:73:33","204","1","266","LIED10MEAS/LLN0$Measurement"
"17989","1.062152805","ipcas_21:73:33","204","1","267","LIED10MEAS/LLN0$Measurement"
"18050","1.046455920","ipcas_21:73:33","204","1","268","LIED10MEAS/LLN0$Measurement"
"18109","1.045871185","ipcas_21:73:33","204","1","269","LIED10MEAS/LLN0$Measurement"
"18166","1.056587913","ipcas_21:73:33","204","1","270","LIED10MEAS/LLN0$Measurement"
"18223","1.073146088","ipcas_21:73:33","204","1","271","LIED10MEAS/LLN0$Measurement"
"18283","1.079952097","ipcas_21:73:33","204","1","272","LIED10MEAS/LLN0$Measurement"
"18344","1.061152223","ipcas_21:73:33","204","1","273","LIED10MEAS/LLN0$Measurement"
"18402","1.058898646","ipcas_21:73:33","204","1","274","LIED10MEAS/LLN0$Measurement"
"18459","1.069368926","ipcas_21:73:33","204","1","275","LIED10MEAS/LLN0$Measurement"
"18515","1.076128666","ipcas_21:73:33","204","1","276","LIED10MEAS/LLN0$Measurement"
"18576","1.055366944","ipcas_21:73:33","204","1","277","LIED10MEAS/LLN0$Measurement"
"18682","1.071135901","ipcas_21:73:33","204","1","278","LIED10MEAS/LLN0$Measurement"
"18779","1.033546140","ipcas_21:73:33","204","1","279","LIED10MEAS/LLN0$Measurement"
"18923","1.030427598","ipcas_21:73:33","204","1","280","LIED10MEAS/LLN0$Measurement"
"19043","1.047114858","ipcas_21:73:33","204","1","281","LIED10MEAS/LLN0$Measurement"
"19146","1.037957055","ipcas_21:73:33","204","1","282","LIED10MEAS/LLN0$Measurement"
"19237","1.026631890","ipcas_21:73:33","204","1","283","LIED10MEAS/LLN0$Measurement"
"19332","1.078547564","ipcas_21:73:33","204","1","284","LIED10MEAS/LLN0$Measurement"
"19406","1.037672302","ipcas_21:73:33","204","1","285","LIED10MEAS/LLN0$Measurement"
"19468","1.048003114","ipcas_21:73:33","204","1","286","LIED10MEAS/LLN0$Measurement"
"19542","1.081081805","ipcas_21:73:33","204","1","287","LIED10MEAS/LLN0$Measurement"
"19612","1.048825569","ipcas_21:73:33","204","1","288","LIED10MEAS/LLN0$Measurement"
"19685","1.061174119","ipcas_21:73:33","204","1","289","LIED10MEAS/LLN0$Measurement"
"19750","1.052221934","ipcas_21:73:33","204","1","290","LIED10MEAS/LLN0$Measurement"
"19806","1.030927136","ipcas_21:73:33","204","1","291","LIED10MEAS/LLN0$Measurement"
"19871","1.077961842","ipcas_21:73:33","204","1","292","LIED10MEAS/LLN0$Measurement"
"19928","1.058408504","ipcas_21:73:33","204","1","293","LIED10MEAS/LLN0$Measurement"
"19997","1.063593008","ipcas_21:73:33","204","1","294","LIED10MEAS/LLN0$Measurement"
"20063","1.057500200","ipcas_21:73:33","204","1","295","LIED10MEAS/LLN0$Measurement"
"20117","1.057650146","ipcas_21:73:33","204","1","296","LIED10MEAS/LLN0$Measurement"
"20181","1.057716839","ipcas_21:73:33","204","1","297","LIED10MEAS/LLN0$Measurement"
"20243","1.053392969","ipcas_21:73:33","204","1","298","LIED10MEAS/LLN0$Measurement"
"20302","1.052162404","ipcas_21:73:33","204","1","299","LIED10MEAS/LLN0$Measurement"
"20363","1.071388874","ipcas_21:73:33","204","1","300","LIED10MEAS/LLN0$Measurement"
"20423","1.047322849","ipcas_21:73:33","204","1","301","LIED10MEAS/LLN0$Measurement"
"20481","1.054608909","ipcas_21:73:33","204","1","302","LIED10MEAS/LLN0$Measurement"
"20540","1.099895547","ipcas_21:73:33","204","1","303","LIED10MEAS/LLN0$Measurement"
"20600","1.050672476","ipcas_21:73:33","204","1","304","LIED10MEAS/LLN0$Measurement"
"20659","1.033134235","ipcas_21:73:33","204","1","305","LIED10MEAS/LLN0$Measurement"
"20716","1.046693830","ipcas_21:73:33","204","1","306","LIED10MEAS/LLN0$Measurement"
"20775","1.065823480","ipcas_21:73:33","204","1","307","LIED10MEAS/LLN0$Measurement"
"20833","1.067577038","ipcas_21:73:33","204","1","308","LIED10MEAS/LLN0$Measurement"
"20896","1.081852896","ipcas_21:73:33","204","1","309","LIED10MEAS/LLN0$Measurement"
"20955","1.054745745","ipcas_21:73:33","204","1","310","LIED10MEAS/LLN0$Measurement"
"21012","1.061381893","ipcas_21:73:33","204","1","311","LIED10MEAS/LLN0$Measurement"
"21067","1.069719161","ipcas_21:73:33","204","1","312","LIED10MEAS/LLN0$Measurement"
"21125","1.074485659","ipcas_21:73:33","204","1","313","LIED10MEAS/LLN0$Measurement"
"21185","1.045367881","ipcas_21:73:33","204","1","314","LIED10MEAS/LLN0$Measurement"
"21245","1.051573473","ipcas_21:73:33","204","1","315","LIED10MEAS/LLN0$Measurement"
"21298","1.041402802","ipcas_21:73:33","204","1","316","LIED10MEAS/LLN0$Measurement"
"21356","1.054363644","ipcas_21:73:33","204","1","317","LIED10MEAS/LLN0$Measurement"
"21419","1.055786193","ipcas_21:73:33","204","1","318","LIED10MEAS/LLN0$Measurement"
"21480","1.030235976","ipcas_21:73:33","204","1","319","LIED10MEAS/LLN0$Measurement"
"21538","1.079830250","ipcas_21:73:33","204","1","320","LIED10MEAS/LLN0$Measurement"
"21593","1.059394283","ipcas_21:73:33","204","1","321","LIED10MEAS/LLN0$Measurement"
"21671","1.036969146","ipcas_21:73:33","204","1","322","LIED10MEAS/LLN0$Measurement"
"21729","1.046498368","ipcas_21:73:33","204","1","323","LIED10MEAS/LLN0$Measurement"
"21788","1.046257218","ipcas_21:73:33","204","1","324","LIED10MEAS/LLN0$Measurement"
"21864","1.093353493","ipcas_21:73:33","204","1","325","LIED10MEAS/LLN0$Measurement"
"21918","1.055470157","ipcas_21:73:33","204","1","326","LIED10MEAS/LLN0$Measurement"
"21973","1.064812205","ipcas_21:73:33","204","1","327","LIED10MEAS/LLN0$Measurement"
"22032","1.067801354","ipcas_21:73:33","204","1","328","LIED10MEAS/LLN0$Measurement"
"22091","1.056302257","ipcas_21:73:33","204","1","329","LIED10MEAS/LLN0$Measurement"
"22148","1.050131546","ipcas_21:73:33","204","1","330","LIED10MEAS/LLN0$Measurement"
"22201","1.058610633","ipcas_21:73:33","204","1","331","LIED10MEAS/LLN0$Measurement"
"22259","1.075383503","ipcas_21:73:33","204","1","332","LIED10MEAS/LLN0$Measurement"
"22318","1.070731199","ipcas_21:73:33","204","1","333","LIED10MEAS/LLN0$Measurement"
"22378","1.063403735","ipcas_21:73:33","204","1","334","LIED10MEAS/LLN0$Measurement"
"22433","1.076862864","ipcas_21:73:33","204","1","335","LIED10MEAS/LLN0$Measurement"
"22488","1.047577643","ipcas_21:73:33","204","1","336","LIED10MEAS/LLN0$Measurement"
"22546","1.067949857","ipcas_21:73:33","204","1","337","LIED10MEAS/LLN0$Measurement"
"22607","1.071065166","ipcas_21:73:33","204","1","338","LIED10MEAS/LLN0$Measurement"
"22665","1.068730961","ipcas_21:73:33","204","1","339","LIED10MEAS/LLN0$Measurement"
"22721","1.070035416","ipcas_21:73:33","204","1","340","LIED10MEAS/LLN0$Measurement"
"22776","1.072961026","ipcas_21:73:33","204","1","341","LIED10MEAS/LLN0$Measurement"
"22834","1.092477594","ipcas_21:73:33","204","1","342","LIED10MEAS/LLN0$Measurement"
"22905","1.080947952","ipcas_21:73:33","204","1","343","LIED10MEAS/LLN0$Measurement"
"22953","1.080563758","ipcas_21:73:33","204","1","344","LIED10MEAS/LLN0$Measurement"
"23004","1.047407981","ipcas_21:73:33","204","1","345","LIED10MEAS/LLN0$Measurement"
"23059","1.074325575","ipcas_21:73:33","204","1","346","LIED10MEAS/LLN0$Measurement"
"23127","1.067106754","ipcas_21:73:33","204","1","347","LIED10MEAS/LLN0$Measurement"
"23175","1.050890664","ipcas_21:73:33","204","1","348","LIED10MEAS/LLN0$Measurement"
"23228","1.052969102","ipcas_21:73:33","204","1","349","LIED10MEAS/LLN0$Measurement"
"23281","1.059221697","ipcas_21:73:33","204","1","350","LIED10MEAS/LLN0$Measurement"
"23344","1.082522409","ipcas_21:73:33","204","1","351","LIED10MEAS/LLN0$Measurement"
"23404","1.060571296","ipcas_21:73:33","204","1","352","LIED10MEAS/LLN0$Measurement"
"23452","1.031836032","ipcas_21:73:33","204","1","353","LIED10MEAS/LLN0$Measurement"
"23514","1.083035810","ipcas_21:73:33","204","1","354","LIED10MEAS/LLN0$Measurement"
"23564","1.056326277","ipcas_21:73:33","204","1","355","LIED10MEAS/LLN0$Measurement"
"23615","1.044316039","ipcas_21:73:33","204","1","356","LIED10MEAS/LLN0$Measurement"
"23681","1.110666643","ipcas_21:73:33","204","1","357","LIED10MEAS/LLN0$Measurement"
"23750","1.054465143","ipcas_21:73:33","204","1","358","LIED10MEAS/LLN0$Measurement"
"23805","1.023467625","ipcas_21:73:33","204","1","359","LIED10MEAS/LLN0$Measurement"
"23850","1.049894923","ipcas_21:73:33","204","1","360","LIED10MEAS/LLN0$Measurement"
"23901","1.062249424","ipcas_21:73:33","204","1","361","LIED10MEAS/LLN0$Measurement"
"23958","1.031140726","ipcas_21:73:33","204","1","362","LIED10MEAS/LLN0$Measurement"
"24006","1.033267494","ipcas_21:73:33","204","1","363","LIED10MEAS/LLN0$Measurement"
"24068","1.150766736","ipcas_21:73:33","204","1","364","LIED10MEAS/LLN0$Measurement"
"24114","1.009228558","ipcas_21:73:33","204","1","365","LIED10MEAS/LLN0$Measurement"
"24169","1.078326073","ipcas_21:73:33","204","1","366","LIED10MEAS/LLN0$Measurement"
"24224","1.064922565","ipcas_21:73:33","204","1","367","LIED10MEAS/LLN0$Measurement"
"24277","1.033556221","ipcas_21:73:33","204","1","368","LIED10MEAS/LLN0$Measurement"
"24330","1.064988102","ipcas_21:73:33","204","1","369","LIED10MEAS/LLN0$Measurement"
"24388","1.070466158","ipcas_21:73:33","204","1","370","LIED10MEAS/LLN0$Measurement"
"24446","1.093589881","ipcas_21:73:33","204","1","371","LIED10MEAS/LLN0$Measurement"
"24498","1.065442316","ipcas_21:73:33","204","1","372","LIED10MEAS/LLN0$Measurement"
"24548","1.011978163","ipcas_21:73:33","204","1","373","LIED10MEAS/LLN0$Measurement"
"24617","1.087387892","ipcas_21:73:33","204","1","374","LIED10MEAS/LLN0$Measurement"
"24669","1.079790795","ipcas_21:73:33","204","1","375","LIED10MEAS/LLN0$Measurement"
"24712","1.038548239","ipcas_21:73:33","204","1","376","LIED10MEAS/LLN0$Measurement"
"24766","1.076847190","ipcas_21:73:33","204","1","377","LIED10MEAS/LLN0$Measurement"
"24842","1.077182540","ipcas_21:73:33","204","1","378","LIED10MEAS/LLN0$Measurement"
"24895","1.049584021","ipcas_21:73:33","204","1","379","LIED10MEAS/LLN0$Measurement"
"24950","1.050198489","ipcas_21:73:33","204","1","380","LIED10MEAS/LLN0$Measurement"
"25005","1.034278262","ipcas_21:73:33","204","1","381","LIED10MEAS/LLN0$Measurement"
"25060","1.052851734","ipcas_21:73:33","204","1","382","LIED10MEAS/LLN0$Measurement"
"25113","1.049365211","ipcas_21:73:33","204","1","383","LIED10MEAS/LLN0$Measurement"
"25157","1.061890868","ipcas_21:73:33","204","1","384","LIED10MEAS/LLN0$Measurement"
"25200","1.052209355","ipcas_21:73:33","204","1","385","LIED10MEAS/LLN0$Measurement"
"25255","1.074662580","ipcas_21:73:33","204","1","386","LIED10MEAS/LLN0$Measurement"
"25329","1.099164040","ipcas_21:73:33","204","1","387","LIED10MEAS/LLN0$Measurement"
"25370","1.039220083","ipcas_21:73:33","204","1","388","LIED10MEAS/LLN0$Measurement"
"25422","1.071829986","ipcas_21:73:33","204","1","389","LIED10MEAS/LLN0$Measurement"
"25480","1.100189937","ipcas_21:73:33","204","1","390","LIED10MEAS/LLN0$Measurement"
"25538","1.052718800","ipcas_21:73:33","204","1","391","LIED10MEAS/LLN0$Measurement"
"25582","1.056141004","ipcas_21:73:33","204","1","392","LIED10MEAS/LLN0$Measurement"
"25632","1.037340740","ipcas_21:73:33","204","1","393","LIED10MEAS/LLN0$Measurement"
"25687","1.073900814","ipcas_21:73:33","204","1","394","LIED10MEAS/LLN0$Measurement"
"25742","1.082208106","ipcas_21:73:33","204","1","395","LIED10MEAS/LLN0$Measurement"
"25800","1.063989819","ipcas_21:73:33","204","1","396","LIED10MEAS/LLN0$Measurement"
"25850","1.055651845","ipcas_21:73:33","204","1","397","LIED10MEAS/LLN0$Measurement"
"25908","1.097502198","ipcas_21:73:33","204","1","398","LIED10MEAS/LLN0$Measurement"
"25966","1.071137839","ipcas_21:73:33","204","1","399","LIED10MEAS/LLN0$Measurement"
"26015","1.035140852","ipcas_21:73:33","204","1","400","LIED10MEAS/LLN0$Measurement"
"26069","1.080439056","ipcas_21:73:33","204","1","401","LIED10MEAS/LLN0$Measurement"
"26123","1.056106244","ipcas_21:73:33","204","1","402","LIED10MEAS/LLN0$Measurement"
"26178","1.064416514","ipcas_21:73:33","204","1","403","LIED10MEAS/LLN0$Measurement"
"26232","1.046895309","ipcas_21:73:33","204","1","404","LIED10MEAS/LLN0$Measurement"
"26287","1.049488430","ipcas_21:73:33","204","1","405","LIED10MEAS/LLN0$Measurement"
"26343","1.060572323","ipcas_21:73:33","204","1","406","LIED10MEAS/LLN0$Measurement"
"26406","1.074367530","ipcas_21:73:33","204","1","407","LIED10MEAS/LLN0$Measurement"
"26451","1.055009481","ipcas_21:73:33","204","1","408","LIED10MEAS/LLN0$Measurement"
"26529","1.101740971","ipcas_21:73:33","204","1","409","LIED10MEAS/LLN0$Measurement"
"26584","1.053643542","ipcas_21:73:33","204","1","410","LIED10MEAS/LLN0$Measurement"
"26638","1.041406116","ipcas_21:73:33","204","1","411","LIED10MEAS/LLN0$Measurement"
"26691","1.050952414","ipcas_21:73:33","204","1","412","LIED10MEAS/LLN0$Measurement"
"26738","1.048070577","ipcas_21:73:33","204","1","413","LIED10MEAS/LLN0$Measurement"
"26780","1.037757644","ipcas_21:73:33","204","1","414","LIED10MEAS/LLN0$Measurement"
"26839","1.125489898","ipcas_21:73:33","204","1","415","LIED10MEAS/LLN0$Measurement"
"26886","1.001100102","ipcas_21:73:33","204","1","416","LIED10MEAS/LLN0$Measurement"
"26941","1.037694896","ipcas_21:73:33","204","1","417","LIED10MEAS/LLN0$Measurement"
"27014","1.108468805","ipcas_21:73:33","204","1","418","LIED10MEAS/LLN0$Measurement"
"27066","1.050349546","ipcas_21:73:33","204","1","419","LIED10MEAS/LLN0$Measurement"
"27113","1.081494809","ipcas_21:73:33","204","1","420","LIED10MEAS/LLN0$Measurement"
"27157","1.005254350","ipcas_21:73:33","204","1","421","LIED10MEAS/LLN0$Measurement"
"27224","1.098110865","ipcas_21:73:33","204","1","422","LIED10MEAS/LLN0$Measurement"
"27276","1.042172094","ipcas_21:73:33","204","1","423","LIED10MEAS/LLN0$Measurement"
"27322","1.042838862","ipcas_21:73:33","204","1","424","LIED10MEAS/LLN0$Measurement"
"27375","1.065356729","ipcas_21:73:33","204","1","425","LIED10MEAS/LLN0$Measurement"
"27437","1.068420332","ipcas_21:73:33","204","1","426","LIED10MEAS/LLN0$Measurement"
"27496","1.071870002","ipcas_21:73:33","204","1","427","LIED10MEAS/LLN0$Measurement"
"27553","1.038438120","ipcas_21:73:33","204","1","428","LIED10MEAS/LLN0$Measurement"
"27608","1.090805167","ipcas_21:73:33","204","1","429","LIED10MEAS/LLN0$Measurement"
"27661","1.010136821","ipcas_21:73:33","204","1","430","LIED10MEAS/LLN0$Measurement"
"27716","1.056111848","ipcas_21:73:33","204","1","431","LIED10MEAS/LLN0$Measurement"
"27771","1.060747246","ipcas_21:73:33","204","1","432","LIED10MEAS/LLN0$Measurement"
"27826","1.072982050","ipcas_21:73:33","204","1","433","LIED10MEAS/LLN0$Measurement"
"27894","1.097090048","ipcas_21:73:33","204","1","434","LIED10MEAS/LLN0$Measurement"
"27944","1.052632669","ipcas_21:73:33","204","1","435","LIED10MEAS/LLN0$Measurement"
"27987","1.036911280","ipcas_21:73:33","204","1","436","LIED10MEAS/LLN0$Measurement"
"28042","1.043562398","ipcas_21:73:33","204","1","437","LIED10MEAS/LLN0$Measurement"
"28100","1.060195453","ipcas_21:73:33","204","1","438","LIED10MEAS/LLN0$Measurement"
"28150","1.069088850","ipcas_21:73:33","204","1","439","LIED10MEAS/LLN0$Measurement"
"28206","1.095020928","ipcas_21:73:33","204","1","440","LIED10MEAS/LLN0$Measurement"
"28258","1.026815470","ipcas_21:73:33","204","1","441","LIED10MEAS/LLN0$Measurement"
"28317","1.069892150","ipcas_21:73:33","204","1","442","LIED10MEAS/LLN0$Measurement"
"28391","1.095249913","ipcas_21:73:33","204","1","443","LIED10MEAS/LLN0$Measurement"
"28444","1.470147248","ipcas_21:73:33","204","1","444","LIED10MEAS/LLN0$Measurement"
"28499","1.164291831","ipcas_21:73:33","204","1","445","LIED10MEAS/LLN0$Measurement"
"28577","1.610494961","ipcas_21:73:33","204","1","446","LIED10MEAS/LLN0$Measurement"
"28632","1.107966861","ipcas_21:73:33","204","1","447","LIED10MEAS/LLN0$Measurement"
"28685","1.034131917","ipcas_21:73:33","204","1","448","LIED10MEAS/LLN0$Measurement"
"28740","1.032152827","ipcas_21:73:33","204","1","449","LIED10MEAS/LLN0$Measurement"
"28795","1.035456699","ipcas_21:73:33","204","1","450","LIED10MEAS/LLN0$Measurement"
"28850","1.036933678","ipcas_21:73:33","204","1","451","LIED10MEAS/LLN0$Measurement"
"28909","1.054591627","ipcas_21:73:33","204","1","452","LIED10MEAS/LLN0$Measurement"
"28963","1.053627795","ipcas_21:73:33","204","1","453","LIED10MEAS/LLN0$Measurement"
"29018","1.052319718","ipcas_21:73:33","204","1","454","LIED10MEAS/LLN0$Measurement"
"29078","1.035479757","ipcas_21:73:33","204","1","455","LIED10MEAS/LLN0$Measurement"
"29134","1.055052637","ipcas_21:73:33","204","1","456","LIED10MEAS/LLN0$Measurement"
"29188","1.041908770","ipcas_21:73:33","204","1","457","LIED10MEAS/LLN0$Measurement"
"29242","1.021983291","ipcas_21:73:33","204","1","458","LIED10MEAS/LLN0$Measurement"
"29297","1.022561856","ipcas_21:73:33","204","1","459","LIED10MEAS/LLN0$Measurement"
"29344","1.051618071","ipcas_21:73:33","204","1","460","LIED10MEAS/LLN0$Measurement"
"29387","1.000651799","ipcas_21:73:33","204","1","461","LIED10MEAS/LLN0$Measurement"
"29442","1.026323401","ipcas_21:73:33","204","1","462","LIED10MEAS/LLN0$Measurement"
"29496","1.057568232","ipcas_21:73:33","204","1","463","LIED10MEAS/LLN0$Measurement"
"29552","1.025654040","ipcas_21:73:33","204","1","464","LIED10MEAS/LLN0$Measurement"
"29608","1.018914078","ipcas_21:73:33","204","1","465","LIED10MEAS/LLN0$Measurement"
"29665","1.040781304","ipcas_21:73:33","204","1","466","LIED10MEAS/LLN0$Measurement"
"29718","1.033873847","ipcas_21:73:33","204","1","467","LIED10MEAS/LLN0$Measurement"
"29771","1.035695575","ipcas_21:73:33","204","1","468","LIED10MEAS/LLN0$Measurement"
"29827","1.060001417","ipcas_21:73:33","204","1","469","LIED10MEAS/LLN0$Measurement"
"29882","1.013780917","ipcas_21:73:33","204","1","470","LIED10MEAS/LLN0$Measurement"
"29938","1.059799530","ipcas_21:73:33","204","1","471","LIED10MEAS/LLN0$Measurement"
"29992","1.039444944","ipcas_21:73:33","204","1","472","LIED10MEAS/LLN0$Measurement"
"30048","1.024712338","ipcas_21:73:33","204","1","473","LIED10MEAS/LLN0$Measurement"
"30103","1.020468400","ipcas_21:73:33","204","1","474","LIED10MEAS/LLN0$Measurement"
"30158","1.027041873","ipcas_21:73:33","204","1","475","LIED10MEAS/LLN0$Measurement"
"30213","1.046526632","ipcas_21:73:33","204","1","476","LIED10MEAS/LLN0$Measurement"
"30266","1.038695924","ipcas_21:73:33","204","1","477","LIED10MEAS/LLN0$Measurement"
"30321","1.033404602","ipcas_21:73:33","204","1","478","LIED10MEAS/LLN0$Measurement"
"30376","1.044999793","ipcas_21:73:33","204","1","479","LIED10MEAS/LLN0$Measurement"
"30432","1.041427373","ipcas_21:73:33","204","1","480","LIED10MEAS/LLN0$Measurement"
"30486","1.031572925","ipcas_21:73:33","204","1","481","LIED10MEAS/LLN0$Measurement"
"30539","1.037190694","ipcas_21:73:33","204","1","482","LIED10MEAS/LLN0$Measurement"
"30596","1.035685793","ipcas_21:73:33","204","1","483","LIED10MEAS/LLN0$Measurement"
"30651","1.039424953","ipcas_21:73:33","204","1","484","LIED10MEAS/LLN0$Measurement"
"30706","1.056020360","ipcas_21:73:33","204","1","485","LIED10MEAS/LLN0$Measurement"
"30760","1.041444379","ipcas_21:73:33","204","1","486","LIED10MEAS/LLN0$Measurement"
"30814","1.030494146","ipcas_21:73:33","204","1","487","LIED10MEAS/LLN0$Measurement"
"30869","1.037743894","ipcas_21:73:33","204","1","488","LIED10MEAS/LLN0$Measurement"
"30924","1.057764413","ipcas_21:73:33","204","1","489","LIED10MEAS/LLN0$Measurement"
"30979","1.087403706","ipcas_21:73:33","204","1","490","LIED10MEAS/LLN0$Measurement"
"31032","1.030874528","ipcas_21:73:33","204","1","491","LIED10MEAS/LLN0$Measurement"
"31088","1.030256963","ipcas_21:73:33","204","1","492","LIED10MEAS/LLN0$Measurement"
"31143","1.047721753","ipcas_21:73:33","204","1","493","LIED10MEAS/LLN0$Measurement"
"31222","1.544567745","ipcas_21:73:33","204","1","494","LIED10MEAS/LLN0$Measurement"
"31277","1.116247149","ipcas_21:73:33","204","1","495","LIED10MEAS/LLN0$Measurement"
"31331","1.024011704","ipcas_21:73:33","204","1","496","LIED10MEAS/LLN0$Measurement"
"31386","1.029779366","ipcas_21:73:33","204","1","497","LIED10MEAS/LLN0$Measurement"
"31440","1.041011997","ipcas_21:73:33","204","1","498","LIED10MEAS/LLN0$Measurement"
"31495","1.038359610","ipcas_21:73:33","204","1","499","LIED10MEAS/LLN0$Measurement"
"31549","1.035832732","ipcas_21:73:33","204","1","500","LIED10MEAS/LLN0$Measurement"
"31603","1.033703756","ipcas_21:73:33","204","1","501","LIED10MEAS/LLN0$Measurement"
"31659","1.042897576","ipcas_21:73:33","204","1","502","LIED10MEAS/LLN0$Measurement"
"31715","1.035025126","ipcas_21:73:33","204","1","503","LIED10MEAS/LLN0$Measurement"
"31771","1.030780974","ipcas_21:73:33","204","1","504","LIED10MEAS/LLN0$Measurement"
"31824","1.047731789","ipcas_21:73:33","204","1","505","LIED10MEAS/LLN0$Measurement"
"31879","1.077506396","ipcas_21:73:33","204","1","506","LIED10MEAS/LLN0$Measurement"
"31936","1.045648254","ipcas_21:73:33","204","1","507","LIED10MEAS/LLN0$Measurement"
"31993","1.027440467","ipcas_21:73:33","204","1","508","LIED10MEAS/LLN0$Measurement"
"32048","1.061310006","ipcas_21:73:33","204","1","509","LIED10MEAS/LLN0$Measurement"
"32101","1.050096071","ipcas_21:73:33","204","1","510","LIED10MEAS/LLN0$Measurement"
"32156","1.048637659","ipcas_21:73:33","204","1","511","LIED10MEAS/LLN0$Measurement"
"32213","1.047659108","ipcas_21:73:33","204","1","512","LIED10MEAS/LLN0$Measurement"
"32270","1.063415608","ipcas_21:73:33","204","1","513","LIED10MEAS/LLN0$Measurement"
"32325","1.067447022","ipcas_21:73:33","204","1","514","LIED10MEAS/LLN0$Measurement"
"32378","1.039316930","ipcas_21:73:33","204","1","515","LIED10MEAS/LLN0$Measurement"
"32433","1.022249765","ipcas_21:73:33","204","1","516","LIED10MEAS/LLN0$Measurement"
"32492","1.045289089","ipcas_21:73:33","204","1","517","LIED10MEAS/LLN0$Measurement"
"32549","1.048851570","ipcas_21:73:33","204","1","518","LIED10MEAS/LLN0$Measurement"
"32602","1.027165000","ipcas_21:73:33","204","1","519","LIED10MEAS/LLN0$Measurement"
"32655","1.046604622","ipcas_21:73:33","204","1","520","LIED10MEAS/LLN0$Measurement"
"32714","1.045455613","ipcas_21:73:33","204","1","521","LIED10MEAS/LLN0$Measurement"
"32773","1.038897106","ipcas_21:73:33","204","1","522","LIED10MEAS/LLN0$Measurement"
"32832","1.039439331","ipcas_21:73:33","204","1","523","LIED10MEAS/LLN0$Measurement"
"32886","1.023190418","ipcas_21:73:33","204","1","524","LIED10MEAS/LLN0$Measurement"
"32940","1.047139556","ipcas_21:73:33","204","1","525","LIED10MEAS/LLN0$Measurement"
"32999","1.048269889","ipcas_21:73:33","204","1","526","LIED10MEAS/LLN0$Measurement"
"33057","1.043595795","ipcas_21:73:33","204","1","527","LIED10MEAS/LLN0$Measurement"
"33116","1.031752851","ipcas_21:73:33","204","1","528","LIED10MEAS/LLN0$Measurement"
"33170","1.050106274","ipcas_21:73:33","204","1","529","LIED10MEAS/LLN0$Measurement"
"33227","1.040507694","ipcas_21:73:33","204","1","530","LIED10MEAS/LLN0$Measurement"
"33286","1.061345699","ipcas_21:73:33","204","1","531","LIED10MEAS/LLN0$Measurement"
"33345","1.024417907","ipcas_21:73:33","204","1","532","LIED10MEAS/LLN0$Measurement"
"33401","1.028860199","ipcas_21:73:33","204","1","533","LIED10MEAS/LLN0$Measurement"
"33454","1.018719681","ipcas_21:73:33","204","1","534","LIED10MEAS/LLN0$Measurement"
"33511","1.019152236","ipcas_21:73:33","204","1","535","LIED10MEAS/LLN0$Measurement"
"33568","1.036805743","ipcas_21:73:33","204","1","536","LIED10MEAS/LLN0$Measurement"
"33627","1.042532375","ipcas_21:73:33","204","1","537","LIED10MEAS/LLN0$Measurement"
"33682","1.022717153","ipcas_21:73:33","204","1","538","LIED10MEAS/LLN0$Measurement"
"33742","1.028293496","ipcas_21:73:33","204","1","539","LIED10MEAS/LLN0$Measurement"
"33807","1.091978272","ipcas_21:73:33","204","1","540","LIED10MEAS/LLN0$Measurement"
"33868","1.036745932","ipcas_21:73:33","204","1","541","LIED10MEAS/LLN0$Measurement"
"33928","1.048688765","ipcas_21:73:33","204","1","542","LIED10MEAS/LLN0$Measurement"
"33985","1.049927077","ipcas_21:73:33","204","1","543","LIED10MEAS/LLN0$Measurement"
"34041","1.049294343","ipcas_21:73:33","204","1","544","LIED10MEAS/LLN0$Measurement"
"34099","1.054707748","ipcas_21:73:33","204","1","545","LIED10MEAS/LLN0$Measurement"
"34157","1.051200447","ipcas_21:73:33","204","1","546","LIED10MEAS/LLN0$Measurement"
"34216","1.051550457","ipcas_21:73:33","204","1","547","LIED10MEAS/LLN0$Measurement"
"34272","1.035392899","ipcas_21:73:33","204","1","548","LIED10MEAS/LLN0$Measurement"
"34327","1.023358359","ipcas_21:73:33","204","1","549","LIED10MEAS/LLN0$Measurement"
"34384","1.023970736","ipcas_21:73:33","204","1","550","LIED10MEAS/LLN0$Measurement"
"34442","1.054759196","ipcas_21:73:33","204","1","551","LIED10MEAS/LLN0$Measurement"
"34501","1.083860867","ipcas_21:73:33","204","1","552","LIED10MEAS/LLN0$Measurement"
"34556","1.069819183","ipcas_21:73:33","204","1","553","LIED10MEAS/LLN0$Measurement"
"34641","2.629876318","ipcas_21:73:33","204","1","554","LIED10MEAS/LLN0$Measurement"
"34700","1.014774812","ipcas_21:73:33","204","1","555","LIED10MEAS/LLN0$Measurement"
"34757","1.014874260","ipcas_21:73:33","204","1","556","LIED10MEAS/LLN0$Measurement"
"34812","1.040410812","ipcas_21:73:33","204","1","557","LIED10MEAS/LLN0$Measurement"
"34867","1.065453976","ipcas_21:73:33","204","1","558","LIED10MEAS/LLN0$Measurement"
"34925","1.004268899","ipcas_21:73:33","204","1","559","LIED10MEAS/LLN0$Measurement"
"34984","1.023353776","ipcas_21:73:33","204","1","560","LIED10MEAS/LLN0$Measurement"
"35041","1.055614787","ipcas_21:73:33","204","1","561","LIED10MEAS/LLN0$Measurement"
"35096","1.112186907","ipcas_21:73:33","204","1","562","LIED10MEAS/LLN0$Measurement"
"35151","1.041883486","ipcas_21:73:33","204","1","563","LIED10MEAS/LLN0$Measurement"
"35210","1.042155546","ipcas_21:73:33","204","1","564","LIED10MEAS/LLN0$Measurement"
"35267","1.022879869","ipcas_21:73:33","204","1","565","LIED10MEAS/LLN0$Measurement"
"35324","1.046423216","ipcas_21:73:33","204","1","566","LIED10MEAS/LLN0$Measurement"
"35381","1.046037367","ipcas_21:73:33","204","1","567","LIED10MEAS/LLN0$Measurement"
"35437","1.034682556","ipcas_21:73:33","204","1","568","LIED10MEAS/LLN0$Measurement"
"35494","1.045218795","ipcas_21:73:33","204","1","569","LIED10MEAS/LLN0$Measurement"
"35555","1.063730417","ipcas_21:73:33","204","1","570","LIED10MEAS/LLN0$Measurement"
"35630","1.038236831","ipcas_21:73:33","204","1","571","LIED10MEAS/LLN0$Measurement"
"35713","1.057842948","ipcas_21:73:33","204","1","572","LIED10MEAS/LLN0$Measurement"
"35788","1.041376239","ipcas_21:73:33","204","1","573","LIED10MEAS/LLN0$Measurement"
"35849","1.042295128","ipcas_21:73:33","204","1","574","LIED10MEAS/LLN0$Measurement"
"35914","1.061481139","ipcas_21:73:33","204","1","575","LIED10MEAS/LLN0$Measurement"
"35991","1.044687339","ipcas_21:73:33","204","1","576","LIED10MEAS/LLN0$Measurement"
"36063","1.046074430","ipcas_21:73:33","204","1","577","LIED10MEAS/LLN0$Measurement"
"36167","1.036851467","ipcas_21:73:33","204","1","578","LIED10MEAS/LLN0$Measurement"
"36254","1.038356960","ipcas_21:73:33","204","1","579","LIED10MEAS/LLN0$Measurement"
"36326","1.023735761","ipcas_21:73:33","204","1","580","LIED10MEAS/LLN0$Measurement"
"36392","1.038681423","ipcas_21:73:33","204","1","581","LIED10MEAS/LLN0$Measurement"
"36469","1.044710474","ipcas_21:73:33","204","1","582","LIED10MEAS/LLN0$Measurement"
"36530","1.027121318","ipcas_21:73:33","204","1","583","LIED10MEAS/LLN0$Measurement"
"36588","1.044826553","ipcas_21:73:33","204","1","584","LIED10MEAS/LLN0$Measurement"
"36651","1.042973745","ipcas_21:73:33","204","1","585","LIED10MEAS/LLN0$Measurement"
"36722","1.051996759","ipcas_21:73:33","204","1","586","LIED10MEAS/LLN0$Measurement"
"36782","1.067190223","ipcas_21:73:33","204","1","587","LIED10MEAS/LLN0$Measurement"
"36838","1.035070064","ipcas_21:73:33","204","1","588","LIED10MEAS/LLN0$Measurement"
"36896","1.019328389","ipcas_21:73:33","204","1","589","LIED10MEAS/LLN0$Measurement"
"36956","1.027138160","ipcas_21:73:33","204","1","590","LIED10MEAS/LLN0$Measurement"
"37015","1.051441372","ipcas_21:73:33","204","1","591","LIED10MEAS/LLN0$Measurement"
"37075","1.059982493","ipcas_21:73:33","204","1","592","LIED10MEAS/LLN0$Measurement"
"37133","1.018175560","ipcas_21:73:33","204","1","593","LIED10MEAS/LLN0$Measurement"
"37189","1.246354626","ipcas_21:73:33","204","1","594","LIED10MEAS/LLN0$Measurement"
"37257","2.148090390","ipcas_21:73:33","204","1","595","LIED10MEAS/LLN0$Measurement"
"37294","2.176974698","ipcas_21:73:33","204","1","596","LIED10MEAS/LLN0$Measurement"
"37329","1.361484557","ipcas_21:73:33","204","1","597","LIED10MEAS/LLN0$Measurement"
"37366","1.040002978","ipcas_21:73:33","204","1","598","LIED10MEAS/LLN0$Measurement"
"37402","1.045028532","ipcas_21:73:33","204","1","599","LIED10MEAS/LLN0$Measurement"
