Length,stNum,sqNum,heartbeat,dif_stNum,dif_sqNum,Circuit breaker Open/Close Status,I-high VT,I-high VT- Tran,I-low VT- Tran,I-amongst-feeders,Label
146,1,2,1.0462535160000002,0.0,1.0,1,308.0,257.8888888888889,926.0,307.6666666666667,0
147,1,214,1.044517911000014,0.0,1.0,1,309.5,256.77777777777777,924.6666666666666,306.1666666666667,0
150,1,512,1.0604853579999372,0.0,1.0,1,308.6666666666667,259.5555555555556,924.3333333333334,306.0,0
149,1,70,1.0810323210000092,0.0,1.0,1,309.5,257.6111111111111,922.0,310.1666666666667,0
147,1,560,1.0227028909999945,0.0,1.0,1,311.5,257.7222222222222,924.3333333333334,307.1666666666667,0
198,1,98,1.0468526679999997,0.0,1.0,1,309.6666666666667,257.8333333333333,930.3333333333334,308.1666666666667,0
149,1,66,1.0508214070000008,0.0,1.0,1,310.3333333333333,258.38888888888886,918.6666666666666,309.5,0
147,1,509,1.031747333999988,0.0,1.0,1,310.6666666666667,257.5,924.0,310.5,0
146,1,51,1.0445958740000023,0.0,1.0,1,309.1666666666667,257.27777777777777,922.3333333333334,309.0,0
199,1,268,1.0422985580000272,0.0,1.0,1,311.0,257.44444444444446,929.0,307.8333333333333,0
147,1,342,1.0399372900000117,0.0,1.0,1,310.1666666666667,258.8333333333333,919.3333333333334,307.8333333333333,0
144,1,443,1.5256655160000037,0.0,1.0,0,309.6666666666667,258.4444444444444,925.0,307.0,0
150,1,360,1.0400684179999755,0.0,1.0,1,309.8333333333333,259.3333333333333,920.6666666666666,310.6666666666667,0
147,1,419,1.0445186249999665,0.0,1.0,1,309.5,256.0,925.6666666666666,306.1666666666667,0
150,1,449,1.0535340219999512,0.0,1.0,1,309.0,257.9444444444444,920.6666666666666,309.1666666666667,0
199,1,232,1.0428060180000216,0.0,1.0,1,307.3333333333333,257.0,930.0,308.8333333333333,0
147,1,584,1.069886198000063,0.0,1.0,1,311.5,258.6666666666667,931.3333333333334,307.1666666666667,0
147,1,200,1.070147764000012,0.0,1.0,1,309.1666666666667,258.27777777777777,919.0,308.8333333333333,0
201,1,475,1.0314144179999971,0.0,1.0,1,310.0,257.1666666666667,924.6666666666666,308.3333333333333,0
150,1,549,1.0211224280000124,0.0,1.0,1,310.3333333333333,256.22222222222223,926.0,309.8333333333333,0
147,1,132,1.0460388839999837,0.0,1.0,1,310.6666666666667,256.77777777777777,918.0,310.3333333333333,0
206,1,125,1.070078736999989,0.0,1.0,1,309.0,258.5,927.3333333333334,307.5,0
132,1,382,1.0736206230000107,0.0,1.0,0,310.1666666666667,257.6666666666667,919.0,309.5,0
150,1,447,1.0276402050000115,0.0,1.0,1,312.5,257.9444444444444,923.0,308.8333333333333,0
147,1,540,1.0325877209999137,0.0,1.0,1,311.0,258.6666666666667,929.3333333333334,310.0,0
204,1,253,1.0515248589999828,0.0,1.0,1,310.6666666666667,258.0,922.3333333333334,308.1666666666667,0
150,1,293,1.0659353540000325,0.0,1.0,1,311.3333333333333,258.5,927.3333333333334,307.0,0
131,1,56,1.0503127869999958,0.0,1.0,0,310.0,259.0,926.6666666666666,309.0,0
147,1,167,1.0624416089999895,0.0,1.0,1,310.5,258.0555555555555,918.0,307.1666666666667,0
150,1,234,1.083412955,0.0,1.0,1,309.5,257.94444444444446,927.0,311.6666666666667,0
204,1,475,1.0267099209999628,0.0,1.0,1,310.0,257.1666666666667,924.6666666666666,308.3333333333333,0
204,1,439,1.077897460000031,0.0,1.0,1,310.6666666666667,258.33333333333337,920.3333333333334,310.1666666666667,0
201,1,285,1.035925394000003,0.0,1.0,1,310.6666666666667,257.3888888888889,926.0,306.0,0
146,1,93,1.0282349099999948,0.0,1.0,1,308.1666666666667,259.5555555555556,922.6666666666666,306.1666666666667,0
199,1,204,1.0507134600000256,0.0,1.0,1,310.1666666666667,257.0555555555556,919.0,307.1666666666667,0
149,1,87,1.0498016319999977,0.0,1.0,1,309.6666666666667,259.0555555555556,920.3333333333334,308.6666666666667,0
147,1,191,1.041515053999973,0.0,1.0,1,310.3333333333333,257.72222222222223,923.6666666666666,310.1666666666667,0
150,1,393,1.0383125869999503,0.0,1.0,1,310.6666666666667,257.0,922.3333333333334,308.3333333333333,0
150,1,185,1.0635469919999991,0.0,1.0,1,309.3333333333333,258.1666666666667,921.3333333333334,310.0,0
204,1,516,1.0221250119999468,0.0,1.0,1,310.6666666666667,258.1111111111111,926.0,306.5,0
204,1,216,1.070838422999998,0.0,1.0,1,311.1666666666667,258.5555555555556,923.3333333333334,306.6666666666667,0
150,1,326,1.0585274379999987,0.0,1.0,1,308.5,258.22222222222223,921.6666666666666,308.6666666666667,0
147,1,547,1.047708121000028,0.0,1.0,1,310.0,258.27777777777777,923.3333333333334,307.6666666666667,0
200,1,42,1.0641252500000036,0.0,1.0,1,310.5,257.05555555555554,922.0,309.1666666666667,0
146,1,88,1.0472379919999923,0.0,1.0,1,310.8333333333333,257.27777777777777,917.3333333333334,307.8333333333333,0
149,1,25,1.0383732099999996,0.0,1.0,1,310.6666666666667,258.5555555555555,925.0,306.6666666666667,0
150,1,519,1.0505036710000013,0.0,1.0,1,310.6666666666667,257.38888888888886,927.0,308.5,0
147,1,357,1.0715405079999982,0.0,1.0,1,309.6666666666667,257.77777777777777,920.0,308.3333333333333,0
147,1,318,1.0528997760000038,0.0,1.0,1,309.6666666666667,257.6666666666667,921.0,309.6666666666667,0
203,1,67,1.0650328759999894,0.0,1.0,1,314.1666666666667,257.8333333333333,928.6666666666666,307.0,0
150,1,424,1.0497815460000195,0.0,1.0,1,310.6666666666667,257.11111111111114,918.6666666666666,306.6666666666667,0
147,1,524,1.056252220000033,0.0,1.0,1,309.1666666666667,259.0,921.0,309.8333333333333,0
201,1,599,1.0465926059999902,0.0,1.0,1,309.6666666666667,259.22222222222223,923.0,309.6666666666667,0
200,1,93,1.0341666599999968,0.0,1.0,1,308.1666666666667,259.5555555555556,922.6666666666666,306.1666666666667,0
198,1,43,1.047023756999998,0.0,1.0,1,310.1666666666667,257.1111111111111,927.3333333333334,306.8333333333333,0
150,1,535,1.0313127050000048,0.0,1.0,1,309.5,257.7777777777778,918.3333333333334,306.5,0
147,1,373,1.0813202690000026,0.0,1.0,1,308.1666666666667,258.3333333333333,921.3333333333334,305.5,0
150,1,404,1.078650720999974,0.0,1.0,1,311.0,257.7777777777778,927.0,308.6666666666667,0
150,1,263,1.0375858339999695,0.0,1.0,1,311.5,258.72222222222223,923.0,306.3333333333333,0
150,1,266,1.054471953000018,0.0,1.0,1,310.5,259.1111111111111,918.0,311.0,0
150,1,420,1.0621204130000024,0.0,1.0,1,311.5,258.9444444444445,918.6666666666666,307.8333333333333,0
150,1,575,1.03885599299997,0.0,1.0,1,310.0,259.22222222222223,924.3333333333334,311.5,0
192,1,470,1.0602645480000206,0.0,1.0,0,309.0,259.2777777777778,923.6666666666666,307.5,0
201,1,539,1.0484988230000454,0.0,1.0,1,309.8333333333333,258.5,920.3333333333334,307.5,0
147,1,136,1.0546529960000155,0.0,1.0,1,312.1666666666667,258.9444444444445,926.0,306.3333333333333,0
147,1,177,1.0380782919999945,0.0,1.0,1,309.8333333333333,257.1666666666667,922.0,308.0,0
203,1,112,1.0816488979999974,0.0,1.0,1,309.5,256.3888888888889,922.6666666666666,310.8333333333333,0
149,1,6,1.04394047,0.0,1.0,1,310.3333333333333,258.0,915.3333333333334,310.6666666666667,0
147,1,222,1.0542872169999953,0.0,1.0,1,309.0,256.4444444444444,921.0,305.8333333333333,0
150,1,583,1.0538171670000338,0.0,1.0,1,308.5,258.5555555555556,922.6666666666666,307.1666666666667,0
204,1,284,1.0788959299999874,0.0,1.0,1,310.5,258.5,923.0,305.5,0
147,1,184,1.0870348239999998,0.0,1.0,1,309.1666666666667,258.6666666666667,917.0,307.8333333333333,0
150,1,182,1.033114263000016,0.0,1.0,1,311.6666666666667,258.5,929.0,309.1666666666667,0
147,1,273,1.0605635659999848,0.0,1.0,1,308.3333333333333,258.0,922.3333333333334,312.0,0
204,1,396,1.0638882559999845,0.0,1.0,1,309.8333333333333,258.4444444444445,924.3333333333334,308.0,0
150,1,172,1.0807275720000007,0.0,1.0,1,309.5,258.88888888888886,925.6666666666666,307.5,0
167,1,457,1.0764197889999991,0.0,1.0,0,309.8333333333333,257.4444444444445,924.0,309.3333333333333,0
150,1,567,1.036558740999908,0.0,1.0,1,309.3333333333333,259.4444444444445,921.3333333333334,308.5,0
146,1,86,1.071875433999992,0.0,1.0,1,311.0,258.5555555555556,923.0,310.3333333333333,0
150,1,433,1.0891094539999813,0.0,1.0,1,309.3333333333333,256.66666666666663,920.3333333333334,306.1666666666667,0
150,1,425,1.0695431139999982,0.0,1.0,1,310.3333333333333,257.6111111111111,925.3333333333334,304.8333333333333,0
150,1,400,1.1034123539999996,0.0,1.0,1,308.8333333333333,260.0,920.6666666666666,306.8333333333333,0
147,1,210,1.127661408000023,0.0,1.0,1,310.5,256.9444444444444,925.6666666666666,308.6666666666667,0
199,1,235,1.040123445000006,0.0,1.0,1,309.1666666666667,258.6666666666667,924.3333333333334,308.3333333333333,0
199,1,582,1.0651375330000974,0.0,1.0,1,311.5,257.22222222222223,917.6666666666666,310.5,0
150,1,256,1.039833176000002,0.0,1.0,1,310.8333333333333,257.88888888888886,927.6666666666666,307.6666666666667,0
201,1,535,1.048720153999966,0.0,1.0,1,309.5,257.7777777777778,918.3333333333334,306.5,0
150,1,546,1.0517515390000651,0.0,1.0,1,311.0,257.0555555555555,926.6666666666666,309.8333333333333,0
204,1,309,1.0596793839999918,0.0,1.0,1,307.8333333333333,258.5,926.0,308.8333333333333,0
147,1,207,1.048924693999993,0.0,1.0,1,309.3333333333333,258.3333333333333,923.0,308.1666666666667,0
150,1,536,1.0283492309999929,0.0,1.0,1,309.5,257.6666666666667,918.0,308.0,0
150,1,549,1.0488526400000635,0.0,1.0,1,310.3333333333333,256.22222222222223,926.0,309.8333333333333,0
147,1,131,1.0107936700000266,0.0,1.0,1,309.6666666666667,258.72222222222223,917.3333333333334,306.1666666666667,0
150,1,537,1.0290051939999785,0.0,1.0,1,313.0,257.5,922.3333333333334,306.0,0
147,1,392,1.0553291030000196,0.0,1.0,1,311.5,258.5,921.0,308.5,0
198,1,87,1.0553973250000013,0.0,1.0,1,309.6666666666667,259.0555555555556,920.3333333333334,308.6666666666667,0
199,1,301,1.057759467999972,0.0,1.0,1,307.0,256.1666666666667,932.0,307.8333333333333,0
204,1,323,1.046407170000009,0.0,1.0,1,310.3333333333333,259.8333333333333,929.3333333333334,309.5,0
150,1,593,1.0208104590000175,0.0,1.0,1,308.3333333333333,256.77777777777777,922.6666666666666,307.5,0
207,1,567,1.0412335940000048,0.0,1.0,1,309.3333333333333,259.4444444444445,921.3333333333334,308.5,0
204,1,184,1.0695301570000026,0.0,1.0,1,309.1666666666667,258.6666666666667,917.0,307.8333333333333,0
199,1,569,1.0477009659999794,0.0,1.0,1,306.3333333333333,258.1666666666667,921.3333333333334,308.5,0
146,1,89,1.0598385570000062,0.0,1.0,1,310.5,258.8333333333333,928.6666666666666,307.3333333333333,0
203,1,53,1.0569311609999943,0.0,1.0,1,310.5,258.5,925.0,308.1666666666667,0
150,1,501,1.0322444099999757,0.0,1.0,1,310.0,257.6111111111111,923.6666666666666,306.8333333333333,0
149,1,9,1.0449325940000005,0.0,1.0,1,310.1666666666667,257.61111111111114,924.0,306.0,0
147,1,162,1.0765736839999818,0.0,1.0,1,309.6666666666667,257.72222222222223,917.6666666666666,305.3333333333333,0
150,1,338,1.0848022879999917,0.0,1.0,1,309.0,258.27777777777777,924.0,306.8333333333333,0
203,1,108,1.029971832000001,0.0,1.0,1,311.1666666666667,257.3333333333333,926.6666666666666,308.3333333333333,0
150,1,597,1.0473359679999703,0.0,1.0,1,307.8333333333333,257.22222222222223,922.3333333333334,306.6666666666667,0
147,1,216,1.0421728769999845,0.0,1.0,1,311.1666666666667,258.5555555555556,923.3333333333334,306.6666666666667,0
198,1,31,1.0426158850000036,0.0,1.0,1,309.6666666666667,259.1666666666667,926.0,308.0,0
204,1,563,1.041766359999997,0.0,1.0,1,310.1666666666667,258.77777777777777,926.3333333333334,308.0,0
150,1,168,1.0504527159999952,0.0,1.0,1,309.5,258.6666666666667,924.3333333333334,309.0,0
199,1,403,1.05265073999999,0.0,1.0,1,309.5,259.0555555555555,921.6666666666666,309.6666666666667,0
147,1,523,1.0321062360000042,0.0,1.0,1,308.3333333333333,257.5,929.3333333333334,308.1666666666667,0
166,1,100,1.0516373740000091,0.0,1.0,0,311.6666666666667,257.4444444444445,926.3333333333334,308.1666666666667,0
144,1,363,1.085919319000027,0.0,1.0,0,312.8333333333333,259.0555555555556,922.6666666666666,307.0,0
204,1,442,1.0709592630000202,0.0,1.0,1,308.5,258.0,923.0,311.1666666666667,0
150,1,577,1.0481562189999067,0.0,1.0,1,311.5,256.6111111111111,930.0,309.3333333333333,0
199,1,307,1.0504247070000474,0.0,1.0,1,310.1666666666667,259.9444444444444,924.6666666666666,309.1666666666667,0
147,1,571,1.0710811850000257,0.0,1.0,1,307.5,257.1666666666667,925.6666666666666,310.0,0
150,1,469,1.0371001560000082,0.0,1.0,1,309.3333333333333,258.5,927.0,307.8333333333333,0
203,1,121,1.027177798000011,0.0,1.0,1,309.0,260.1666666666667,924.0,308.5,0
132,1,549,1.0497130150000658,0.0,1.0,0,310.3333333333333,256.22222222222223,926.0,309.8333333333333,0
204,1,208,1.1093295120000164,0.0,1.0,1,309.5,260.1666666666667,921.3333333333334,309.0,0
147,1,334,1.0542332350000263,0.0,1.0,1,309.3333333333333,259.61111111111114,927.0,307.1666666666667,0
147,1,333,1.0688919300000066,0.0,1.0,1,309.6666666666667,257.2777777777778,924.3333333333334,307.8333333333333,0
204,1,234,1.0612918660000048,0.0,1.0,1,309.5,257.94444444444446,927.0,311.6666666666667,0
193,1,316,1.0470214659999897,0.0,1.0,1,310.0,258.27777777777777,928.0,308.5,0
203,1,9,1.0434276970000005,0.0,1.0,1,310.1666666666667,257.61111111111114,924.0,306.0,0
150,1,406,1.066659297000001,0.0,1.0,1,310.8333333333333,259.5555555555556,923.3333333333334,310.6666666666667,0
204,1,590,1.047440675999951,0.0,1.0,1,311.5,258.8888888888889,921.0,309.3333333333333,0
150,1,556,1.038429062000091,0.0,1.0,1,311.1666666666667,259.77777777777777,917.0,306.3333333333333,0
193,1,575,1.044209507000005,0.0,1.0,1,310.0,259.22222222222223,924.3333333333334,311.5,0
150,1,436,1.0558546780000029,0.0,1.0,1,308.5,258.5555555555556,929.3333333333334,307.6666666666667,0
150,1,296,1.0634321829999749,0.0,1.0,1,311.0,258.1111111111111,918.6666666666666,308.6666666666667,0
199,1,446,1.0490252039999746,0.0,1.0,1,309.1666666666667,258.5555555555555,919.6666666666666,306.3333333333333,0
150,1,539,1.051335626000082,0.0,1.0,1,309.8333333333333,258.5,920.3333333333334,307.5,0
146,1,9,1.0582373690000004,0.0,1.0,1,310.1666666666667,257.61111111111114,924.0,306.0,0
146,1,23,1.0633755289999982,0.0,1.0,1,311.8333333333333,257.1666666666667,919.6666666666666,309.3333333333333,0
146,1,21,1.0402002959999983,0.0,1.0,1,312.0,258.38888888888886,922.6666666666666,306.3333333333333,0
150,1,560,1.0535890689999403,0.0,1.0,1,311.5,257.7222222222222,924.3333333333334,307.1666666666667,0
204,1,282,1.026634893999983,0.0,1.0,1,311.1666666666667,259.2222222222222,916.3333333333334,307.6666666666667,0
147,1,530,1.065788250999958,0.0,1.0,1,310.1666666666667,259.3888888888889,920.0,307.1666666666667,0
146,1,53,1.0557114009999964,0.0,1.0,1,310.5,258.5,925.0,308.1666666666667,0
149,1,105,1.0598778030000062,0.0,1.0,1,311.8333333333333,255.7777777777777,920.3333333333334,309.6666666666667,0
206,1,58,1.0931931620000055,0.0,1.0,1,309.6666666666667,258.44444444444446,918.6666666666666,307.0,0
150,1,578,1.0404323010000098,0.0,1.0,1,309.8333333333333,257.27777777777777,926.0,309.8333333333333,0
144,1,561,1.1403243460000567,0.0,1.0,0,310.3333333333333,258.1666666666667,923.0,307.0,0
149,1,50,1.0631623080000026,0.0,1.0,1,312.0,257.1666666666667,931.6666666666666,308.3333333333333,0
199,1,280,1.0661336750000032,0.0,1.0,1,311.5,257.77777777777777,924.0,309.5,0
150,1,471,1.0600872649999928,0.0,1.0,1,312.0,258.1666666666667,927.3333333333334,306.6666666666667,0
147,1,303,1.0999051420000114,0.0,1.0,1,309.1666666666667,256.3888888888889,924.6666666666666,306.0,0
144,1,439,1.0829798249999951,0.0,1.0,0,310.6666666666667,258.33333333333337,920.3333333333334,310.1666666666667,0
199,1,350,1.0504012970000076,0.0,1.0,1,310.6666666666667,258.6111111111111,925.6666666666666,306.1666666666667,0
199,1,432,1.0278647810000052,0.0,1.0,1,311.5,258.38888888888886,924.0,309.0,0
150,1,165,1.0535036800000055,0.0,1.0,1,309.0,256.8333333333333,923.3333333333334,308.6666666666667,0
146,1,118,1.065366173000001,0.0,1.0,1,309.5,257.3333333333333,927.0,307.8333333333333,0
192,1,45,1.0527993959999975,0.0,1.0,1,310.1666666666667,258.3333333333333,918.3333333333334,307.8333333333333,0
150,1,461,1.0191698799999926,0.0,1.0,1,309.0,259.6666666666667,926.6666666666666,308.1666666666667,0
147,1,435,1.0544372489999887,0.0,1.0,1,312.3333333333333,258.4444444444445,925.3333333333334,305.1666666666667,0
131,1,102,1.0557011799999998,0.0,1.0,0,310.0,258.44444444444446,927.3333333333334,308.8333333333333,0
200,1,3,1.0239241789999998,0.0,1.0,1,310.3333333333333,258.6111111111111,923.6666666666666,309.1666666666667,0
147,1,595,1.0526637179999625,0.0,1.0,1,308.3333333333333,258.4444444444444,930.0,305.6666666666667,0
147,1,566,1.0508800380000594,0.0,1.0,1,312.1666666666667,257.1666666666667,922.0,308.5,0
203,1,49,1.0649194100000017,0.0,1.0,1,309.8333333333333,258.22222222222223,920.0,306.8333333333333,0
149,1,98,1.0588996550000047,0.0,1.0,1,309.6666666666667,257.8333333333333,930.3333333333334,308.1666666666667,0
167,1,312,1.0371880849999684,0.0,1.0,0,308.6666666666667,257.8888888888889,916.0,308.3333333333333,0
149,1,15,1.0464180980000002,0.0,1.0,1,308.6666666666667,257.72222222222223,922.6666666666666,308.1666666666667,0
150,1,175,1.048464641999999,0.0,1.0,1,308.8333333333333,257.6666666666667,931.6666666666666,309.6666666666667,0
199,1,328,1.0577286869999512,0.0,1.0,1,311.1666666666667,259.5,924.3333333333334,305.8333333333333,0
149,1,3,1.0221054939999998,0.0,1.0,1,310.3333333333333,258.6111111111111,923.6666666666666,309.1666666666667,0
199,1,561,1.052279565000049,0.0,1.0,1,310.3333333333333,258.1666666666667,923.0,307.0,0
147,1,290,1.0372557780000309,0.0,1.0,1,309.0,258.9444444444444,922.0,307.6666666666667,0
149,1,85,1.0398587450000036,0.0,1.0,1,309.5,256.0,922.6666666666666,310.1666666666667,0
199,1,342,1.033832853999968,0.0,1.0,1,310.1666666666667,258.8333333333333,919.3333333333334,307.8333333333333,0
153,1,597,1.0406465170000274,0.0,1.0,0,307.8333333333333,257.22222222222223,922.3333333333334,306.6666666666667,0
204,1,429,1.037408843000037,0.0,1.0,1,311.1666666666667,258.7222222222222,923.0,307.8333333333333,0
150,1,301,1.0650470449999716,0.0,1.0,1,307.0,256.1666666666667,932.0,307.8333333333333,0
149,1,0,1.0505758595520314,0.0,1.0,1,310.5,258.3888888888889,926.0,309.5,0
146,1,22,1.070169326000002,0.0,1.0,1,310.0,259.8888888888889,929.3333333333334,307.3333333333333,0
147,1,587,1.0652423080000517,0.0,1.0,1,309.6666666666667,259.0555555555556,926.3333333333334,307.6666666666667,0
147,1,358,1.049262758999987,0.0,1.0,1,310.1666666666667,256.3333333333333,924.3333333333334,308.1666666666667,0
147,1,488,1.0369553489999817,0.0,1.0,1,311.5,258.61111111111114,924.0,308.6666666666667,0
149,1,76,1.0623006290000063,0.0,1.0,1,311.1666666666667,256.4444444444444,922.6666666666666,307.8333333333333,0
207,1,493,1.059756300999993,0.0,1.0,1,309.0,257.6111111111111,928.0,310.5,0
147,1,347,1.0697240249999709,0.0,1.0,1,309.6666666666667,257.6111111111111,928.6666666666666,309.3333333333333,0
147,1,207,1.0882929070000102,0.0,1.0,1,309.3333333333333,258.3333333333333,923.0,308.1666666666667,0
204,1,245,1.09941291399997,0.0,1.0,1,309.3333333333333,258.11111111111114,918.6666666666666,309.1666666666667,0
132,1,486,1.0020265410000206,0.0,1.0,0,308.8333333333333,258.4444444444445,923.0,309.5,0
150,1,457,1.0393580539999905,0.0,1.0,1,309.8333333333333,257.4444444444445,924.0,309.3333333333333,0
207,1,464,1.0222142669999812,0.0,1.0,1,308.0,258.5555555555556,924.0,308.1666666666667,0
149,1,127,1.0757582659999798,0.0,1.0,1,307.6666666666667,259.11111111111114,928.0,311.0,0
199,1,543,1.0435770230000116,0.0,1.0,1,311.5,256.77777777777777,920.6666666666666,308.6666666666667,0
150,1,163,1.0241130359999886,0.0,1.0,1,311.1666666666667,256.49999999999994,915.0,309.6666666666667,0
150,1,302,1.0509407640000177,0.0,1.0,1,310.6666666666667,258.8333333333333,927.0,309.1666666666667,0
150,1,390,1.1190348320000112,0.0,1.0,1,311.0,257.9444444444444,927.6666666666666,307.8333333333333,0
147,1,375,1.0546488280000403,0.0,1.0,1,310.1666666666667,258.0,924.6666666666666,307.8333333333333,0
147,1,210,1.1024044769999932,0.0,1.0,1,310.5,256.9444444444444,925.6666666666666,308.6666666666667,0
150,1,504,1.0510373230000596,0.0,1.0,1,309.3333333333333,257.72222222222223,926.3333333333334,305.8333333333333,0
150,1,493,1.048757175999981,0.0,1.0,1,309.0,257.6111111111111,928.0,310.5,0
204,1,155,1.0559335099999885,0.0,1.0,1,310.6666666666667,258.3333333333333,928.0,307.8333333333333,0
147,1,415,1.06165082199999,0.0,1.0,1,312.1666666666667,257.61111111111114,925.0,308.1666666666667,0
147,1,131,1.0219895680000093,0.0,1.0,1,309.6666666666667,258.72222222222223,917.3333333333334,306.1666666666667,0
204,1,222,1.044071828,0.0,1.0,1,309.0,256.4444444444444,921.0,305.8333333333333,0
204,1,546,1.0706107220000831,0.0,1.0,1,311.0,257.0555555555555,926.6666666666666,309.8333333333333,0
150,1,371,1.0653650429999857,0.0,1.0,1,309.1666666666667,258.77777777777777,930.0,307.8333333333333,0
153,1,364,1.0748571379999703,0.0,1.0,0,308.5,258.94444444444446,921.0,311.0,0
150,1,409,1.088964490999956,0.0,1.0,1,311.5,259.27777777777777,921.6666666666666,308.0,0
207,1,438,1.079302532999975,0.0,1.0,1,310.3333333333333,259.0,925.0,308.6666666666667,0
147,1,315,1.049396523999974,0.0,1.0,1,311.6666666666667,257.0,922.0,310.3333333333333,0
207,1,219,1.073087049999998,0.0,1.0,1,310.1666666666667,258.0,924.3333333333334,307.0,0
149,1,116,1.0525025069999998,0.0,1.0,1,309.6666666666667,258.0555555555556,922.3333333333334,311.6666666666667,0
150,1,411,1.0501531399999635,0.0,1.0,1,309.6666666666667,259.2777777777778,920.6666666666666,308.6666666666667,0
150,1,299,1.0774790830000145,0.0,1.0,1,309.6666666666667,258.3333333333333,933.0,308.6666666666667,0
150,1,235,1.0596803290000023,0.0,1.0,1,309.1666666666667,258.6666666666667,924.3333333333334,308.3333333333333,0
147,1,298,1.0339006890000064,0.0,1.0,1,308.1666666666667,259.0,915.6666666666666,307.3333333333333,0
150,1,129,1.0383341689999952,0.0,1.0,1,310.6666666666667,257.5555555555556,924.6666666666666,306.6666666666667,0
147,1,215,1.0437986489999955,0.0,1.0,1,308.3333333333333,256.94444444444446,924.3333333333334,308.1666666666667,0
206,1,32,1.0557774600000016,0.0,1.0,1,310.1666666666667,257.8888888888889,932.6666666666666,309.6666666666667,0
150,1,489,1.0733389129999296,0.0,1.0,1,312.3333333333333,256.72222222222223,924.6666666666666,308.0,0
203,1,48,1.0538372350000031,0.0,1.0,1,310.3333333333333,259.0,923.6666666666666,308.0,0
132,1,465,1.0327407710000216,0.0,1.0,0,310.6666666666667,257.9444444444444,923.6666666666666,308.5,0
147,1,345,1.0584801460000222,0.0,1.0,1,310.3333333333333,257.6666666666667,924.0,311.5,0
203,1,92,1.0523823719999967,0.0,1.0,1,312.5,257.1666666666667,924.6666666666666,309.1666666666667,0
207,1,313,1.041890459000001,0.0,1.0,1,309.6666666666667,258.1111111111111,931.6666666666666,308.8333333333333,0
147,1,385,1.0506660909999823,0.0,1.0,1,308.3333333333333,258.1666666666667,922.0,306.8333333333333,0
199,1,483,1.028814092999994,0.0,1.0,1,309.8333333333333,258.6111111111111,925.6666666666666,310.0,0
199,1,429,1.0750521429999935,0.0,1.0,1,311.1666666666667,258.7222222222222,923.0,307.8333333333333,0
147,1,596,1.0475977780000676,0.0,1.0,1,309.0,257.77777777777777,923.6666666666666,309.3333333333333,0
149,1,7,1.062928502,0.0,1.0,1,310.5,258.4444444444444,921.6666666666666,311.8333333333333,0
192,1,536,1.0353606310000032,0.0,1.0,0,309.5,257.6666666666667,918.0,308.0,0
144,1,518,1.025206793000052,0.0,1.0,0,309.3333333333333,258.27777777777777,922.3333333333334,306.6666666666667,0
199,1,423,1.0418373889999657,0.0,1.0,1,308.8333333333333,258.0555555555556,922.6666666666666,308.5,0
149,1,73,1.0450532060000055,0.0,1.0,1,311.0,260.3888888888889,924.6666666666666,306.8333333333333,0
203,1,118,1.028435725999998,0.0,1.0,1,309.5,257.3333333333333,927.0,307.8333333333333,0
149,1,31,1.0754881639999958,0.0,1.0,1,309.6666666666667,259.1666666666667,926.0,308.0,0
199,1,158,1.051878985000002,0.0,1.0,1,309.5,258.22222222222223,924.6666666666666,308.3333333333333,0
191,1,27,1.0463100310000009,0.0,1.0,0,308.5,258.9444444444445,922.6666666666666,306.3333333333333,0
146,1,112,1.09121640299999,0.0,1.0,1,309.5,256.3888888888889,922.6666666666666,310.8333333333333,0
149,1,81,1.0704962859999938,0.0,1.0,1,311.0,258.11111111111114,924.6666666666666,306.6666666666667,0
149,1,85,1.030549457999996,0.0,1.0,1,309.5,256.0,922.6666666666666,310.1666666666667,0
150,1,497,1.0326954999999316,0.0,1.0,1,309.8333333333333,258.5555555555556,924.6666666666666,308.8333333333333,0
199,1,238,1.06112554500001,0.0,1.0,1,310.3333333333333,258.6666666666667,927.6666666666666,307.8333333333333,0
149,1,82,1.046503948000009,0.0,1.0,1,309.0,258.0,922.0,308.3333333333333,0
147,1,533,1.0284987139999655,0.0,1.0,1,310.5,258.27777777777777,918.0,305.5,0
147,1,513,1.0673772439999991,0.0,1.0,1,311.1666666666667,258.6666666666667,918.0,309.0,0
199,1,438,1.028763599999991,0.0,1.0,1,310.3333333333333,259.0,925.0,308.6666666666667,0
150,1,162,1.086027272999985,0.0,1.0,1,309.6666666666667,257.72222222222223,917.6666666666666,305.3333333333333,0
147,1,240,1.0534390439999868,0.0,1.0,1,309.0,256.1111111111111,931.0,308.5,0
152,1,115,1.0599430649999988,0.0,1.0,0,308.3333333333333,259.8888888888889,924.0,308.3333333333333,0
150,1,471,1.045054386000004,0.0,1.0,1,312.0,258.1666666666667,927.3333333333334,306.6666666666667,0
150,1,510,1.0305816389999336,0.0,1.0,1,308.8333333333333,257.0555555555556,918.3333333333334,308.5,0
150,1,478,1.051276195000014,0.0,1.0,1,310.1666666666667,258.6111111111111,926.3333333333334,308.6666666666667,0
149,1,32,1.045045647000002,0.0,1.0,1,310.1666666666667,257.8888888888889,932.6666666666666,309.6666666666667,0
199,1,456,1.0546703690000072,0.0,1.0,1,309.1666666666667,257.1666666666667,919.6666666666666,307.1666666666667,0
147,1,273,1.0525044489999686,0.0,1.0,1,308.3333333333333,258.0,922.3333333333334,312.0,0
150,1,324,1.0576521159999857,0.0,1.0,1,310.1666666666667,257.22222222222223,930.3333333333334,308.3333333333333,0
204,1,498,1.0408646839999849,0.0,1.0,1,312.1666666666667,257.0555555555556,925.6666666666666,307.5,0
204,1,508,1.0591271969999525,0.0,1.0,1,312.6666666666667,256.61111111111114,921.0,308.6666666666667,0
204,1,366,1.0696919290000435,0.0,1.0,1,310.1666666666667,258.6111111111111,927.0,306.3333333333333,0
198,1,97,1.0466051130000125,0.0,1.0,1,308.5,258.6111111111111,924.0,310.6666666666667,0
199,1,419,1.047560513999997,0.0,1.0,1,309.5,256.0,925.6666666666666,306.1666666666667,0
204,1,218,1.069757944999992,0.0,1.0,1,310.0,258.0555555555556,925.3333333333334,306.6666666666667,0
199,1,146,1.0483144700000082,0.0,1.0,1,309.0,258.3888888888889,921.3333333333334,310.6666666666667,0
149,1,76,1.0650589149999945,0.0,1.0,1,311.1666666666667,256.4444444444444,922.6666666666666,307.8333333333333,0
199,1,525,1.0428969680000364,0.0,1.0,1,310.8333333333333,256.6666666666667,929.0,309.6666666666667,0
203,1,99,1.073444842000001,0.0,1.0,1,309.8333333333333,257.3333333333333,922.3333333333334,309.0,0
147,1,590,1.049970290000033,0.0,1.0,1,311.5,258.8888888888889,921.0,309.3333333333333,0
149,1,0,1.0643446566694492,0.0,1.0,1,310.5,258.3888888888889,926.0,309.5,0
199,1,396,1.0740964130000066,0.0,1.0,1,309.8333333333333,258.4444444444445,924.3333333333334,308.0,0
147,1,141,1.087786722000004,0.0,1.0,1,310.6666666666667,259.7222222222222,921.0,309.5,0
150,1,267,1.0797819150000123,0.0,1.0,1,308.1666666666667,258.72222222222223,926.6666666666666,309.5,0
198,1,5,1.0474832159999998,0.0,1.0,1,312.1666666666667,257.6111111111111,924.0,307.8333333333333,0
146,1,82,1.0507487489999932,0.0,1.0,1,309.0,258.0,922.0,308.3333333333333,0
147,1,439,1.102756356000043,0.0,1.0,1,310.6666666666667,258.33333333333337,920.3333333333334,310.1666666666667,0
150,1,132,1.046819728999992,0.0,1.0,1,310.6666666666667,256.77777777777777,918.0,310.3333333333333,0
150,1,584,1.0469867719999684,0.0,1.0,1,311.5,258.6666666666667,931.3333333333334,307.1666666666667,0
150,1,201,1.0698955009999906,0.0,1.0,1,309.3333333333333,257.22222222222223,920.6666666666666,309.0,0
201,1,261,1.0356456630000253,0.0,1.0,1,308.5,257.27777777777777,922.3333333333334,307.8333333333333,0
146,1,25,1.0371525350000006,0.0,1.0,1,310.6666666666667,258.5555555555555,925.0,306.6666666666667,0
147,1,506,1.077752587999953,0.0,1.0,1,309.6666666666667,258.2222222222222,920.0,310.5,0
150,1,346,1.0580144079999627,0.0,1.0,1,309.6666666666667,259.0,926.0,306.0,0
201,1,498,1.0344890159999522,0.0,1.0,1,312.1666666666667,257.0555555555556,925.6666666666666,307.5,0
150,1,279,1.033622473999969,0.0,1.0,1,309.0,258.22222222222223,927.6666666666666,307.3333333333333,0
150,1,247,1.050492415000008,0.0,1.0,1,308.0,257.61111111111114,927.3333333333334,308.0,0
201,1,590,1.054729512999984,0.0,1.0,1,311.5,258.8888888888889,921.0,309.3333333333333,0
204,1,553,1.069470274000082,0.0,1.0,1,309.8333333333333,258.9444444444444,923.3333333333334,309.1666666666667,0
204,1,292,1.0724922710000442,0.0,1.0,1,309.0,258.0555555555556,927.6666666666666,306.0,0
150,1,282,1.0266337880000265,0.0,1.0,1,311.1666666666667,259.2222222222222,916.3333333333334,307.6666666666667,0
207,1,364,1.0812350219999871,0.0,1.0,1,308.5,258.94444444444446,921.0,311.0,0
146,1,9,1.0444232959999995,0.0,1.0,1,310.1666666666667,257.61111111111114,924.0,306.0,0
193,1,346,1.0957527080000204,0.0,1.0,1,309.6666666666667,259.0,926.0,306.0,0
150,1,285,1.0671212489999675,0.0,1.0,1,310.6666666666667,257.3888888888889,926.0,306.0,0
144,1,429,1.0264198109999825,0.0,1.0,0,311.1666666666667,258.7222222222222,923.0,307.8333333333333,0
144,1,485,1.0446419469999455,0.0,1.0,0,309.8333333333333,258.61111111111114,922.0,308.5,0
147,1,349,1.0505436329999611,0.0,1.0,1,310.8333333333333,256.77777777777777,923.3333333333334,307.6666666666667,0
199,1,193,1.0670462100000009,0.0,1.0,1,309.6666666666667,257.77777777777777,923.6666666666666,307.3333333333333,0
147,1,341,1.1015500649999694,0.0,1.0,1,311.3333333333333,258.3333333333333,921.3333333333334,309.3333333333333,0
149,1,37,1.016682751999994,0.0,1.0,1,310.1666666666667,258.11111111111114,920.6666666666666,309.5,0
150,1,578,1.0500973629999637,0.0,1.0,1,309.8333333333333,257.27777777777777,926.0,309.8333333333333,0
146,1,111,1.055495124999993,0.0,1.0,1,307.0,259.0,926.3333333333334,309.0,0
150,1,452,1.0202379480000443,0.0,1.0,1,309.6666666666667,258.1666666666667,917.0,307.1666666666667,0
204,1,406,1.052162731999999,0.0,1.0,1,310.8333333333333,259.5555555555556,923.3333333333334,310.6666666666667,0
150,1,197,1.0544222499999876,0.0,1.0,1,309.8333333333333,257.3333333333333,921.6666666666666,307.0,0
150,1,470,1.058320460999994,0.0,1.0,1,309.0,259.2777777777778,923.6666666666666,307.5,0
144,1,166,1.049131213999999,0.0,1.0,0,309.8333333333333,257.3333333333333,920.6666666666666,306.3333333333333,0
150,1,289,1.0467000070000267,0.0,1.0,1,309.3333333333333,257.72222222222223,917.3333333333334,307.3333333333333,0
149,1,104,1.0542784630000028,0.0,1.0,1,307.1666666666667,256.05555555555554,926.0,308.1666666666667,0
204,1,511,1.048525942000083,0.0,1.0,1,310.1666666666667,258.6111111111111,920.6666666666666,309.3333333333333,0
150,1,443,1.0663393049999854,0.0,1.0,1,309.6666666666667,258.4444444444444,925.0,307.0,0
147,1,278,1.0564848909999682,0.0,1.0,1,309.5,258.3888888888889,918.3333333333334,308.5,0
150,1,522,1.04162578699993,0.0,1.0,1,311.5,257.44444444444446,920.0,309.8333333333333,0
167,1,215,1.043624249000004,0.0,1.0,0,308.3333333333333,256.94444444444446,924.3333333333334,308.1666666666667,0
150,1,380,1.045632511000008,0.0,1.0,1,311.0,257.0555555555556,928.0,309.3333333333333,0
204,1,135,1.052255731999992,0.0,1.0,1,311.0,257.3888888888889,920.3333333333334,307.8333333333333,0
199,1,473,1.0385970430000384,0.0,1.0,1,311.0,257.5,927.0,309.0,0
147,1,318,1.0312505429999987,0.0,1.0,1,309.6666666666667,257.6666666666667,921.0,309.6666666666667,0
150,1,448,1.030072111000038,0.0,1.0,1,312.0,258.3333333333333,925.0,310.3333333333333,0
150,1,188,1.068794099999991,0.0,1.0,1,309.1666666666667,258.6666666666667,923.0,310.0,0
147,1,249,1.057438750000017,0.0,1.0,1,312.3333333333333,258.7222222222222,924.0,309.5,0
147,1,417,1.0976313880000248,0.0,1.0,1,311.5,258.1666666666667,924.6666666666666,307.6666666666667,0
150,1,268,1.040411689999985,0.0,1.0,1,311.0,257.44444444444446,929.0,307.8333333333333,0
132,1,499,1.0557844029999617,0.0,1.0,0,310.3333333333333,258.3333333333333,926.6666666666666,310.5,0
150,1,322,1.0631265270000083,0.0,1.0,1,311.5,257.6111111111111,921.6666666666666,305.6666666666667,0
150,1,552,1.0595277400000214,0.0,1.0,1,308.8333333333333,258.5,916.3333333333334,304.5,0
150,1,397,1.0939462069999877,0.0,1.0,1,310.3333333333333,259.44444444444446,925.3333333333334,308.0,0
199,1,299,1.0404944699999987,0.0,1.0,1,309.6666666666667,258.3333333333333,933.0,308.6666666666667,0
147,1,332,1.070530795000025,0.0,1.0,1,310.3333333333333,258.38888888888886,920.6666666666666,306.0,0
149,1,59,1.0828851650000004,0.0,1.0,1,310.0,258.7222222222222,929.0,307.6666666666667,0
150,1,554,2.166696471000023,0.0,1.0,1,309.3333333333333,258.0,927.0,308.1666666666667,0
203,1,98,1.05569036899999,0.0,1.0,1,309.6666666666667,257.8333333333333,930.3333333333334,308.1666666666667,0
203,1,15,1.0469010450000005,0.0,1.0,1,308.6666666666667,257.72222222222223,922.6666666666666,308.1666666666667,0
147,1,281,1.0436990230000447,0.0,1.0,1,310.3333333333333,259.05555555555554,925.0,308.3333333333333,0
144,1,418,1.0820703900000126,0.0,1.0,0,310.6666666666667,257.94444444444446,918.0,309.1666666666667,0
150,1,402,1.1199639239999897,0.0,1.0,1,310.1666666666667,258.1111111111111,928.0,311.5,0
199,1,514,1.0412841109999815,0.0,1.0,1,310.6666666666667,257.5,926.6666666666666,308.1666666666667,0
204,1,487,1.0267193799999177,0.0,1.0,1,309.3333333333333,258.22222222222223,923.3333333333334,311.8333333333333,0
147,1,352,1.0424692810000238,0.0,1.0,1,310.0,258.0,916.0,305.8333333333333,0
147,1,181,1.035467662000002,0.0,1.0,1,310.5,258.72222222222223,921.3333333333334,308.5,0
199,1,355,1.0395666910000043,0.0,1.0,1,309.3333333333333,257.0,924.0,311.8333333333333,0
147,1,329,1.048306944999979,0.0,1.0,1,307.6666666666667,258.27777777777777,920.6666666666666,307.5,0
150,1,177,1.058783777000002,0.0,1.0,1,309.8333333333333,257.1666666666667,922.0,308.0,0
147,1,427,1.0338868090000233,0.0,1.0,1,312.3333333333333,257.8333333333333,920.6666666666666,309.1666666666667,0
204,1,149,1.0676121349999903,0.0,1.0,1,310.0,257.77777777777777,926.0,307.6666666666667,0
150,1,407,1.0799482109999872,0.0,1.0,1,308.0,257.55555555555554,930.6666666666666,305.1666666666667,0
204,1,599,1.0378486240000484,0.0,1.0,1,309.6666666666667,259.22222222222223,923.0,309.6666666666667,0
147,1,326,1.0597329510000009,0.0,1.0,1,308.5,258.22222222222223,921.6666666666666,308.6666666666667,0
147,1,504,1.0481096070000149,0.0,1.0,1,309.3333333333333,257.72222222222223,926.3333333333334,305.8333333333333,0
207,1,222,1.052025088999983,0.0,1.0,1,309.0,256.4444444444444,921.0,305.8333333333333,0
193,1,535,1.0295732250000356,0.0,1.0,1,309.5,257.7777777777778,918.3333333333334,306.5,0
204,1,526,1.0477754070000174,0.0,1.0,1,310.0,257.27777777777777,925.0,309.3333333333333,0
150,1,362,1.031585404999987,0.0,1.0,1,308.8333333333333,258.0555555555556,923.6666666666666,307.8333333333333,0
150,1,576,1.0582070070000782,0.0,1.0,1,310.3333333333333,258.6111111111111,923.3333333333334,309.0,0
150,1,561,1.1352748100000554,0.0,1.0,1,310.3333333333333,258.1666666666667,923.0,307.0,0
147,1,386,1.0816824240000074,0.0,1.0,1,309.8333333333333,256.94444444444446,923.0,306.0,0
203,1,63,1.055619496999995,0.0,1.0,1,311.0,258.0555555555555,922.6666666666666,308.5,0
150,1,450,1.02649222499997,0.0,1.0,1,310.1666666666667,258.1666666666667,932.3333333333334,308.3333333333333,0
204,1,333,1.0710101530000316,0.0,1.0,1,309.6666666666667,257.2777777777778,924.3333333333334,307.8333333333333,0
199,1,196,1.0424092109999776,0.0,1.0,1,310.5,256.11111111111114,922.6666666666666,310.3333333333333,0
199,1,216,1.055023374000001,0.0,1.0,1,311.1666666666667,258.5555555555556,923.3333333333334,306.6666666666667,0
150,1,283,1.0267312400000037,0.0,1.0,1,309.6666666666667,258.11111111111114,928.0,307.8333333333333,0
147,1,583,1.0267108179999695,0.0,1.0,1,308.5,258.5555555555556,922.6666666666666,307.1666666666667,0
150,1,214,1.0432932900000085,0.0,1.0,1,309.5,256.77777777777777,924.6666666666666,306.1666666666667,0
203,1,34,1.0728289429999975,0.0,1.0,1,309.3333333333333,258.6111111111111,923.0,306.0,0
150,1,343,1.0626138800000149,0.0,1.0,1,311.0,258.72222222222223,922.3333333333334,306.8333333333333,0
150,1,333,1.0676104760000271,0.0,1.0,1,309.6666666666667,257.2777777777778,924.3333333333334,307.8333333333333,0
144,1,480,1.0330967440000336,0.0,1.0,0,307.5,259.1666666666667,929.3333333333334,308.1666666666667,0
204,1,584,1.0467522799999642,0.0,1.0,1,311.5,258.6666666666667,931.3333333333334,307.1666666666667,0
150,1,201,1.06073059900001,0.0,1.0,1,309.3333333333333,257.22222222222223,920.6666666666666,309.0,0
146,1,33,1.0577202020000058,0.0,1.0,1,309.1666666666667,258.4444444444444,927.0,308.1666666666667,0
147,1,382,1.0475591649999956,0.0,1.0,1,310.1666666666667,257.6666666666667,919.0,309.5,0
193,1,299,1.0431693090000067,0.0,1.0,1,309.6666666666667,258.3333333333333,933.0,308.6666666666667,0
204,1,534,1.027109944000017,0.0,1.0,1,309.8333333333333,258.88888888888886,923.6666666666666,308.3333333333333,0
147,1,555,1.0075643699999546,0.0,1.0,1,309.3333333333333,258.5555555555555,919.6666666666666,310.0,0
199,1,515,1.0467534389999855,0.0,1.0,1,307.0,258.4444444444445,922.0,308.3333333333333,0
152,1,32,1.056075198000002,0.0,1.0,0,310.1666666666667,257.8888888888889,932.6666666666666,309.6666666666667,0
207,1,552,1.0348297059999825,0.0,1.0,1,308.8333333333333,258.5,916.3333333333334,304.5,0
147,1,271,1.069092530999967,0.0,1.0,1,311.5,257.72222222222223,924.3333333333334,306.8333333333333,0
149,1,36,1.054172444999999,0.0,1.0,1,311.5,258.72222222222223,925.6666666666666,308.6666666666667,0
198,1,125,1.0443649300000004,0.0,1.0,1,309.0,258.5,927.3333333333334,307.5,0
207,1,416,1.0197629279999774,0.0,1.0,1,309.8333333333333,258.2777777777778,922.3333333333334,309.0,0
203,1,38,1.0563897970000014,0.0,1.0,1,314.1666666666667,256.27777777777777,929.3333333333334,310.3333333333333,0
150,1,424,1.0505386499999645,0.0,1.0,1,310.6666666666667,257.11111111111114,918.6666666666666,306.6666666666667,0
150,1,521,1.0371299970000791,0.0,1.0,1,310.1666666666667,258.22222222222223,931.6666666666666,305.3333333333333,0
150,1,353,1.0450420599999577,0.0,1.0,1,310.3333333333333,258.6111111111111,916.3333333333334,305.1666666666667,0
147,1,337,1.066879103000019,0.0,1.0,1,309.1666666666667,257.3333333333333,927.0,309.0,0
147,1,238,1.0530530519999957,0.0,1.0,1,310.3333333333333,258.6666666666667,927.6666666666666,307.8333333333333,0
199,1,157,1.049483816999981,0.0,1.0,1,310.1666666666667,257.11111111111114,926.3333333333334,306.8333333333333,0
147,1,160,1.0642527429999973,0.0,1.0,1,309.0,259.11111111111114,922.6666666666666,308.0,0
199,1,156,1.0555190040000184,0.0,1.0,1,309.6666666666667,259.0,921.3333333333334,305.6666666666667,0
146,1,126,1.0456506660000002,0.0,1.0,1,307.5,260.11111111111114,926.6666666666666,311.0,0
149,1,69,1.0358473969999975,0.0,1.0,1,309.1666666666667,258.3333333333333,921.6666666666666,308.8333333333333,0
199,1,236,1.0323039829999914,0.0,1.0,1,307.6666666666667,258.6666666666667,926.3333333333334,309.6666666666667,0
146,1,123,1.051973583000006,0.0,1.0,1,309.3333333333333,259.27777777777777,926.3333333333334,307.0,0
150,1,186,1.0322734000000082,0.0,1.0,1,310.0,257.1111111111111,921.0,305.6666666666667,0
149,1,2,1.026875675,0.0,1.0,1,308.0,257.8888888888889,926.0,307.6666666666667,0
150,1,573,1.0361545110000634,0.0,1.0,1,309.6666666666667,259.4444444444444,925.3333333333334,308.3333333333333,0
150,1,136,1.056247926999987,0.0,1.0,1,312.1666666666667,258.9444444444445,926.0,306.3333333333333,0
147,1,279,1.0326548539999862,0.0,1.0,1,309.0,258.22222222222223,927.6666666666666,307.3333333333333,0
201,1,488,1.0524259449999818,0.0,1.0,1,311.5,258.61111111111114,924.0,308.6666666666667,0
199,1,506,1.03626146900001,0.0,1.0,1,309.6666666666667,258.2222222222222,920.0,310.5,0
150,1,494,1.5851160570000502,0.0,1.0,1,309.6666666666667,257.8333333333333,924.3333333333334,309.3333333333333,0
204,1,354,1.070895743000051,0.0,1.0,1,312.3333333333333,258.77777777777777,926.3333333333334,310.0,0
198,1,104,1.057244892,0.0,1.0,1,307.1666666666667,256.05555555555554,926.0,308.1666666666667,0
147,1,580,1.0465364740000496,0.0,1.0,1,310.5,256.72222222222223,927.6666666666666,308.8333333333333,0
207,1,382,1.0427663210000446,0.0,1.0,1,310.1666666666667,257.6666666666667,919.0,309.5,0
147,1,475,1.039129588000037,0.0,1.0,1,310.0,257.1666666666667,924.6666666666666,308.3333333333333,0
147,1,245,1.0391929339999706,0.0,1.0,1,309.3333333333333,258.11111111111114,918.6666666666666,309.1666666666667,0
149,1,119,1.0593662709999876,0.0,1.0,1,308.6666666666667,257.38888888888886,920.6666666666666,309.5,0
146,1,52,1.048865004999996,0.0,1.0,1,310.8333333333333,257.9444444444444,922.0,308.6666666666667,0
204,1,485,1.0397875070000282,0.0,1.0,1,309.8333333333333,258.61111111111114,922.0,308.5,0
204,1,375,1.0798558550000052,0.0,1.0,1,310.1666666666667,258.0,924.6666666666666,307.8333333333333,0
201,1,522,1.043998418000001,0.0,1.0,1,311.5,257.44444444444446,920.0,309.8333333333333,0
199,1,374,1.0574185649999777,0.0,1.0,1,309.6666666666667,257.77777777777777,922.0,305.5,0
149,1,78,1.0571887090000018,0.0,1.0,1,311.3333333333333,258.27777777777777,921.6666666666666,308.6666666666667,0
201,1,340,1.0445278049999729,0.0,1.0,1,308.6666666666667,258.1111111111111,922.6666666666666,307.8333333333333,0
199,1,250,1.044678112999975,0.0,1.0,1,310.6666666666667,258.1666666666667,925.0,309.8333333333333,0
149,1,106,1.050863585000002,0.0,1.0,1,309.3333333333333,257.77777777777777,927.3333333333334,309.8333333333333,0
207,1,497,1.034094881999977,0.0,1.0,1,309.8333333333333,258.5555555555556,924.6666666666666,308.8333333333333,0
204,1,240,1.0669306630000222,0.0,1.0,1,309.0,256.1111111111111,931.0,308.5,0
149,1,101,1.0643951250000043,0.0,1.0,1,312.1666666666667,257.55555555555554,926.3333333333334,310.0,0
150,1,575,1.0334204859999545,0.0,1.0,1,310.0,259.22222222222223,924.3333333333334,311.5,0
199,1,440,1.083515938000005,0.0,1.0,1,310.1666666666667,257.8333333333333,925.6666666666666,306.1666666666667,0
149,1,114,1.0648691290000016,0.0,1.0,1,310.5,256.72222222222223,926.6666666666666,307.1666666666667,0
147,1,428,1.078848349999987,0.0,1.0,1,307.3333333333333,258.0555555555556,918.3333333333334,309.0,0
204,1,461,1.0100467490000256,0.0,1.0,1,309.0,259.6666666666667,926.6666666666666,308.1666666666667,0
152,1,70,1.0895760249999995,0.0,1.0,0,309.5,257.6111111111111,922.0,310.1666666666667,0
193,1,238,1.0602670719999878,0.0,1.0,1,310.3333333333333,258.6666666666667,927.6666666666666,307.8333333333333,0
147,1,386,1.0864105770000378,0.0,1.0,1,309.8333333333333,256.94444444444446,923.0,306.0,0
144,1,529,1.0391581270000645,0.0,1.0,0,312.3333333333333,257.22222222222223,921.6666666666666,309.6666666666667,0
150,1,195,1.0736760919999997,0.0,1.0,1,308.8333333333333,258.9444444444444,929.3333333333334,306.8333333333333,0
207,1,483,1.039800044999993,0.0,1.0,1,309.8333333333333,258.6111111111111,925.6666666666666,310.0,0
150,1,209,1.0646126139999978,0.0,1.0,1,312.1666666666667,258.1666666666667,922.0,310.3333333333333,0
147,1,458,1.01722861799999,0.0,1.0,1,310.5,257.3888888888889,926.6666666666666,310.8333333333333,0
149,1,125,1.0858319900000026,0.0,1.0,1,309.0,258.5,927.3333333333334,307.5,0
147,1,551,1.0589941310000768,0.0,1.0,1,309.1666666666667,258.5,924.0,308.0,0
150,1,263,1.058345423999981,0.0,1.0,1,311.5,258.72222222222223,923.0,306.3333333333333,0
150,1,249,1.0429765060000022,0.0,1.0,1,312.3333333333333,258.7222222222222,924.0,309.5,0
147,1,391,1.0423963339999889,0.0,1.0,1,311.0,258.72222222222223,920.6666666666666,309.6666666666667,0
147,1,161,1.0538077219999875,0.0,1.0,1,308.5,257.6666666666667,921.3333333333334,309.5,0
147,1,422,1.0959729599999832,0.0,1.0,1,307.1666666666667,258.77777777777777,919.3333333333334,308.1666666666667,0
206,1,60,1.0790440179999976,0.0,1.0,1,311.0,256.88888888888886,920.3333333333334,306.1666666666667,0
150,1,535,1.0276594079999768,0.0,1.0,1,309.5,257.7777777777778,918.3333333333334,306.5,0
147,1,177,1.059665944000017,0.0,1.0,1,309.8333333333333,257.1666666666667,922.0,308.0,0
147,1,147,1.027005048999996,0.0,1.0,1,310.3333333333333,258.4444444444444,924.0,305.6666666666667,0
147,1,276,1.0448212030000263,0.0,1.0,1,312.6666666666667,258.4444444444445,923.3333333333334,307.0,0
150,1,573,1.0436199800000168,0.0,1.0,1,309.6666666666667,259.4444444444444,925.3333333333334,308.3333333333333,0
147,1,347,1.0553991160000464,0.0,1.0,1,309.6666666666667,257.6111111111111,928.6666666666666,309.3333333333333,0
147,1,180,1.11077208399999,0.0,1.0,1,310.8333333333333,258.72222222222223,919.3333333333334,307.8333333333333,0
147,1,239,1.0437970609999925,0.0,1.0,1,307.6666666666667,257.3888888888889,921.6666666666666,305.8333333333333,0
149,1,78,1.0646275090000046,0.0,1.0,1,311.3333333333333,258.27777777777777,921.6666666666666,308.6666666666667,0
198,1,40,1.0554291909999949,0.0,1.0,1,306.6666666666667,257.2222222222222,923.0,309.5,0
147,1,474,1.0218103689999791,0.0,1.0,1,308.8333333333333,258.8888888888889,921.6666666666666,304.8333333333333,0
150,1,359,1.0649272279999875,0.0,1.0,1,310.3333333333333,259.1666666666667,927.6666666666666,307.1666666666667,0
147,1,136,1.0283145220000165,0.0,1.0,1,312.1666666666667,258.9444444444445,926.0,306.3333333333333,0
193,1,588,1.0650778379999792,0.0,1.0,1,310.3333333333333,258.0555555555555,920.3333333333334,308.1666666666667,0
147,1,177,1.042006012999991,0.0,1.0,1,309.8333333333333,257.1666666666667,922.0,308.0,0
199,1,485,1.064043154999979,0.0,1.0,1,309.8333333333333,258.61111111111114,922.0,308.5,0
192,1,442,1.051486366000006,0.0,1.0,0,308.5,258.0,923.0,311.1666666666667,0
150,1,245,1.0927989820000334,0.0,1.0,1,309.3333333333333,258.11111111111114,918.6666666666666,309.1666666666667,0
199,1,383,1.0535518899999945,0.0,1.0,1,309.1666666666667,258.6111111111111,922.3333333333334,308.8333333333333,0
193,1,128,1.0354270440000164,0.0,1.0,1,308.1666666666667,256.5,926.0,305.0,0
147,1,520,1.052035544999967,0.0,1.0,1,310.5,257.6111111111111,930.3333333333334,310.0,0
203,1,32,1.0607154139999937,0.0,1.0,1,310.1666666666667,257.8888888888889,932.6666666666666,309.6666666666667,0
198,1,82,1.046480969000001,0.0,1.0,1,309.0,258.0,922.0,308.3333333333333,0
150,1,450,1.0182643940000276,0.0,1.0,1,310.1666666666667,258.1666666666667,932.3333333333334,308.3333333333333,0
150,1,315,1.0380025320000072,0.0,1.0,1,311.6666666666667,257.0,922.0,310.3333333333333,0
150,1,143,1.0332505400000116,0.0,1.0,1,310.8333333333333,257.49999999999994,921.6666666666666,305.6666666666667,0
146,1,38,1.052390164000002,0.0,1.0,1,314.1666666666667,256.27777777777777,929.3333333333334,310.3333333333333,0
147,1,158,1.0687196410000013,0.0,1.0,1,309.5,258.22222222222223,924.6666666666666,308.3333333333333,0
150,1,469,1.0369219069999644,0.0,1.0,1,309.3333333333333,258.5,927.0,307.8333333333333,0
147,1,180,1.0910374419999869,0.0,1.0,1,310.8333333333333,258.72222222222223,919.3333333333334,307.8333333333333,0
147,1,251,1.0699792280000224,0.0,1.0,1,309.0,257.6666666666667,920.6666666666666,308.5,0
167,1,423,1.0418344089999891,0.0,1.0,0,308.8333333333333,258.0555555555556,922.6666666666666,308.5,0
147,1,223,1.050791798000006,0.0,1.0,1,312.3333333333333,257.3333333333333,923.6666666666666,309.3333333333333,0
204,1,322,1.037459599999977,0.0,1.0,1,311.5,257.6111111111111,921.6666666666666,305.6666666666667,0
149,1,63,1.0533036119999934,0.0,1.0,1,311.0,258.0555555555555,922.6666666666666,308.5,0
199,1,317,1.0509577660000105,0.0,1.0,1,310.8333333333333,257.3888888888889,924.0,308.6666666666667,0
150,1,485,1.0681677120000472,0.0,1.0,1,309.8333333333333,258.61111111111114,922.0,308.5,0
204,1,384,1.061889965999967,0.0,1.0,1,309.3333333333333,257.8333333333333,924.3333333333334,307.5,0
150,1,538,1.0242541079999228,0.0,1.0,1,310.8333333333333,258.0,917.6666666666666,308.5,0
149,1,33,1.0648207759999977,0.0,1.0,1,309.1666666666667,258.4444444444444,927.0,308.1666666666667,0
147,1,546,1.0461989870000252,0.0,1.0,1,311.0,257.0555555555555,926.6666666666666,309.8333333333333,0
150,1,209,1.0994146189999867,0.0,1.0,1,312.1666666666667,258.1666666666667,922.0,310.3333333333333,0
147,1,140,1.0005234959999996,0.0,1.0,1,309.0,259.1666666666667,931.0,310.6666666666667,0
193,1,500,1.0567615610000305,0.0,1.0,1,312.8333333333333,259.3333333333333,919.6666666666666,306.1666666666667,0
150,1,554,2.628954099999987,0.0,1.0,1,309.3333333333333,258.0,927.0,308.1666666666667,0
198,1,50,1.043339151000005,0.0,1.0,1,312.0,257.1666666666667,931.6666666666666,308.3333333333333,0
153,1,208,1.065574018999996,0.0,1.0,0,309.5,260.1666666666667,921.3333333333334,309.0,0
147,1,194,1.0428230800000051,0.0,1.0,1,309.1666666666667,257.3333333333333,921.0,307.5,0
149,1,125,1.0431642069999896,0.0,1.0,1,309.0,258.5,927.3333333333334,307.5,0
150,1,353,1.0682188420000216,0.0,1.0,1,310.3333333333333,258.6111111111111,916.3333333333334,305.1666666666667,0
150,1,596,1.3617550399999343,0.0,1.0,1,309.0,257.77777777777777,923.6666666666666,309.3333333333333,0
131,1,117,1.0550176849999957,0.0,1.0,0,309.3333333333333,258.55555555555554,928.6666666666666,310.3333333333333,0
150,1,266,1.0395185259999948,0.0,1.0,1,310.5,259.1111111111111,918.0,311.0,0
200,1,6,1.0445497260000003,0.0,1.0,1,310.3333333333333,258.0,915.3333333333334,310.6666666666667,0
203,1,58,1.0668865630000042,0.0,1.0,1,309.6666666666667,258.44444444444446,918.6666666666666,307.0,0
147,1,162,1.0810538939999788,0.0,1.0,1,309.6666666666667,257.72222222222223,917.6666666666666,305.3333333333333,0
199,1,382,1.0505697549999695,0.0,1.0,1,310.1666666666667,257.6666666666667,919.0,309.5,0
199,1,583,1.0538210099999787,0.0,1.0,1,308.5,258.5555555555556,922.6666666666666,307.1666666666667,0
167,1,546,1.0528158149999172,0.0,1.0,0,311.0,257.0555555555555,926.6666666666666,309.8333333333333,0
204,1,446,1.693269676,0.0,1.0,1,309.1666666666667,258.5555555555555,919.6666666666666,306.3333333333333,0
199,1,529,1.038456008999901,0.0,1.0,1,312.3333333333333,257.22222222222223,921.6666666666666,309.6666666666667,0
199,1,335,1.0348182839999822,0.0,1.0,1,310.5,257.3888888888889,919.6666666666666,308.6666666666667,0
150,1,137,1.077745025999974,0.0,1.0,1,310.5,257.6111111111111,920.6666666666666,307.1666666666667,0
150,1,368,1.0595602590000226,0.0,1.0,1,308.0,258.1666666666667,919.3333333333334,306.8333333333333,0
150,1,438,1.0903329630000371,0.0,1.0,1,310.3333333333333,259.0,925.0,308.6666666666667,0
201,1,431,1.0442751319999957,0.0,1.0,1,311.5,258.27777777777777,924.0,309.3333333333333,0
150,1,286,1.055270983000014,0.0,1.0,1,309.3333333333333,258.1111111111111,929.0,306.8333333333333,0
149,1,90,1.047968345000001,0.0,1.0,1,308.5,258.1111111111111,925.6666666666666,307.5,0
153,1,510,1.056754353999963,0.0,1.0,0,308.8333333333333,257.0555555555556,918.3333333333334,308.5,0
144,1,152,1.0455629240000237,0.0,1.0,0,310.6666666666667,258.27777777777777,918.0,305.3333333333333,0
144,1,309,1.0602062570000044,0.0,1.0,0,307.8333333333333,258.5,926.0,308.8333333333333,0
149,1,21,1.0365873459999977,0.0,1.0,1,312.0,258.38888888888886,922.6666666666666,306.3333333333333,0
147,1,376,1.0511484130000213,0.0,1.0,1,310.1666666666667,258.0,926.0,310.6666666666667,0
146,1,51,1.041139538000003,0.0,1.0,1,309.1666666666667,257.27777777777777,922.3333333333334,309.0,0
199,1,329,1.052926408000019,0.0,1.0,1,307.6666666666667,258.27777777777777,920.6666666666666,307.5,0
199,1,386,1.051499777999993,0.0,1.0,1,309.8333333333333,256.94444444444446,923.0,306.0,0
204,1,284,1.0652272270000367,0.0,1.0,1,310.5,258.5,923.0,305.5,0
192,1,273,1.0661669510000138,0.0,1.0,0,308.3333333333333,258.0,922.3333333333334,312.0,0
150,1,270,1.0638926010000205,0.0,1.0,1,310.0,256.72222222222223,920.6666666666666,307.5,0
146,1,114,1.0557198529999994,0.0,1.0,1,310.5,256.72222222222223,926.6666666666666,307.1666666666667,0
146,1,104,1.0547301530000084,0.0,1.0,1,307.1666666666667,256.05555555555554,926.0,308.1666666666667,0
146,1,75,1.0424523249999993,0.0,1.0,1,308.5,258.5555555555556,924.3333333333334,311.8333333333333,0
147,1,368,1.0467554140000177,0.0,1.0,1,308.0,258.1666666666667,919.3333333333334,306.8333333333333,0
201,1,422,1.0646825700000022,0.0,1.0,1,307.1666666666667,258.77777777777777,919.3333333333334,308.1666666666667,0
150,1,319,1.0300639619999856,0.0,1.0,1,309.5,259.5,918.6666666666666,305.6666666666667,0
204,1,259,1.0480567679999808,0.0,1.0,1,310.5,257.27777777777777,923.0,306.5,0
150,1,147,1.0275988989999971,0.0,1.0,1,310.3333333333333,258.4444444444444,924.0,305.6666666666667,0
147,1,284,1.061093819000007,0.0,1.0,1,310.5,258.5,923.0,305.5,0
153,1,332,1.0694984940000154,0.0,1.0,0,310.3333333333333,258.38888888888886,920.6666666666666,306.0,0
193,1,422,1.0850325570000336,0.0,1.0,1,307.1666666666667,258.77777777777777,919.3333333333334,308.1666666666667,0
147,1,566,1.046566093000024,0.0,1.0,1,312.1666666666667,257.1666666666667,922.0,308.5,0
193,1,146,1.04868806799999,0.0,1.0,1,309.0,258.3888888888889,921.3333333333334,310.6666666666667,0
147,1,524,1.0487247449999586,0.0,1.0,1,309.1666666666667,259.0,921.0,309.8333333333333,0
146,1,86,1.056768211000005,0.0,1.0,1,311.0,258.5555555555556,923.0,310.3333333333333,0
149,1,56,1.0554117650000023,0.0,1.0,1,310.0,259.0,926.6666666666666,309.0,0
201,1,597,1.0392927220000274,0.0,1.0,1,307.8333333333333,257.22222222222223,922.3333333333334,306.6666666666667,0
201,1,250,1.0617449499999907,0.0,1.0,1,310.6666666666667,258.1666666666667,925.0,309.8333333333333,0
147,1,402,1.071799134999992,0.0,1.0,1,310.1666666666667,258.1111111111111,928.0,311.5,0
144,1,595,2.2286843860000545,0.0,1.0,0,308.3333333333333,258.4444444444444,930.0,305.6666666666667,0
147,1,419,1.0397411700000134,0.0,1.0,1,309.5,256.0,925.6666666666666,306.1666666666667,0
147,1,457,1.0261010830000146,0.0,1.0,1,309.8333333333333,257.4444444444445,924.0,309.3333333333333,0
150,1,212,1.0788324559999865,0.0,1.0,1,311.3333333333333,258.6666666666667,923.0,311.8333333333333,0
147,1,300,1.0420542510000246,0.0,1.0,1,310.5,256.5,916.3333333333334,307.6666666666667,0
167,1,441,1.054684313999985,0.0,1.0,0,310.1666666666667,256.77777777777777,925.3333333333334,308.1666666666667,0
207,1,401,1.0247987129999956,0.0,1.0,1,307.3333333333333,258.0,926.3333333333334,310.1666666666667,0
150,1,534,1.0225430869999173,0.0,1.0,1,309.8333333333333,258.88888888888886,923.6666666666666,308.3333333333333,0
147,1,208,1.0425753420000206,0.0,1.0,1,309.5,260.1666666666667,921.3333333333334,309.0,0
147,1,220,1.0535804830000188,0.0,1.0,1,307.8333333333333,257.4444444444444,925.3333333333334,308.0,0
166,1,7,1.038398031999999,0.0,1.0,0,310.5,258.4444444444444,921.6666666666666,311.8333333333333,0
204,1,395,1.065581297000051,0.0,1.0,1,310.1666666666667,257.5,922.0,307.6666666666667,0
153,1,374,1.0600056850000217,0.0,1.0,0,309.6666666666667,257.77777777777777,922.0,305.5,0
150,1,263,1.0586206199999992,0.0,1.0,1,311.5,258.72222222222223,923.0,306.3333333333333,0
147,1,405,1.035823473999983,0.0,1.0,1,311.0,258.5,924.3333333333334,305.1666666666667,0
150,1,483,1.0297542710000016,0.0,1.0,1,309.8333333333333,258.6111111111111,925.6666666666666,310.0,0
150,1,479,1.0390007969999715,0.0,1.0,1,310.1666666666667,257.8333333333333,919.3333333333334,307.5,0
166,1,79,1.044548797999994,0.0,1.0,0,309.3333333333333,257.7777777777778,925.0,306.6666666666667,0
192,1,163,1.0272898659999896,0.0,1.0,0,311.1666666666667,256.49999999999994,915.0,309.6666666666667,0
150,1,593,1.0185916680001128,0.0,1.0,1,308.3333333333333,256.77777777777777,922.6666666666666,307.5,0
146,1,45,1.058901567999996,0.0,1.0,1,310.1666666666667,258.3333333333333,918.3333333333334,307.8333333333333,0
150,1,531,1.041523481000013,0.0,1.0,1,312.0,259.22222222222223,924.0,306.5,0
149,1,44,1.0757935040000035,0.0,1.0,1,309.5,259.61111111111114,930.0,308.0,0
199,1,447,1.0276377700000126,0.0,1.0,1,312.5,257.9444444444444,923.0,308.8333333333333,0
150,1,533,1.028819504000012,0.0,1.0,1,310.5,258.27777777777777,918.0,305.5,0
198,1,37,1.006446621000002,0.0,1.0,1,310.1666666666667,258.11111111111114,920.6666666666666,309.5,0
147,1,405,1.0497180630000005,0.0,1.0,1,311.0,258.5,924.3333333333334,305.1666666666667,0
150,1,348,1.0601735419999727,0.0,1.0,1,309.5,258.3333333333333,932.6666666666666,307.8333333333333,0
132,1,184,0.9953509670000074,0.0,1.0,0,309.1666666666667,258.6666666666667,917.0,307.8333333333333,0
201,1,344,1.0770371899999986,0.0,1.0,1,309.8333333333333,258.3888888888889,925.6666666666666,306.8333333333333,0
199,1,394,1.0957151190000332,0.0,1.0,1,307.6666666666667,256.94444444444446,923.0,310.8333333333333,0
146,1,113,1.0504382339999978,0.0,1.0,1,310.8333333333333,258.3333333333333,925.6666666666666,308.0,0
201,1,514,1.045457643000077,0.0,1.0,1,310.6666666666667,257.5,926.6666666666666,308.1666666666667,0
146,1,103,1.0405991510000092,0.0,1.0,1,312.1666666666667,258.0555555555556,920.0,307.5,0
149,1,14,1.0651534389999997,0.0,1.0,1,311.0,259.1666666666667,925.6666666666666,309.0,0
204,1,355,1.0727492160000338,0.0,1.0,1,309.3333333333333,257.0,924.0,311.8333333333333,0
147,1,483,1.0453008199999658,0.0,1.0,1,309.8333333333333,258.6111111111111,925.6666666666666,310.0,0
147,1,245,1.0885107229999562,0.0,1.0,1,309.3333333333333,258.11111111111114,918.6666666666666,309.1666666666667,0
207,1,335,1.0585585579999588,0.0,1.0,1,310.5,257.3888888888889,919.6666666666666,308.6666666666667,0
150,1,232,1.0361060289999957,0.0,1.0,1,307.3333333333333,257.0,930.0,308.8333333333333,0
147,1,197,1.0375581780000118,0.0,1.0,1,309.8333333333333,257.3333333333333,921.6666666666666,307.0,0
147,1,278,1.0570600970000328,0.0,1.0,1,309.5,258.3888888888889,918.3333333333334,308.5,0
150,1,176,1.0608422749999988,0.0,1.0,1,312.3333333333333,258.1666666666667,921.3333333333334,305.5,0
199,1,361,1.016017602999966,0.0,1.0,1,309.3333333333333,257.72222222222223,926.0,310.3333333333333,0
147,1,297,1.0237392340000042,0.0,1.0,1,309.5,258.3333333333333,924.0,307.8333333333333,0
153,1,191,1.0550325020000173,0.0,1.0,0,310.3333333333333,257.72222222222223,923.6666666666666,310.1666666666667,0
201,1,513,1.0712670849999313,0.0,1.0,1,311.1666666666667,258.6666666666667,918.0,309.0,0
147,1,537,1.0472580240000298,0.0,1.0,1,313.0,257.5,922.3333333333334,306.0,0
150,1,369,1.069784549000019,0.0,1.0,1,310.5,257.9444444444444,916.0,307.1666666666667,0
149,1,23,1.0592396929999983,0.0,1.0,1,311.8333333333333,257.1666666666667,919.6666666666666,309.3333333333333,0
147,1,254,1.0394797050000193,0.0,1.0,1,308.1666666666667,259.6666666666667,929.0,307.5,0
150,1,232,1.0361076099999875,0.0,1.0,1,307.3333333333333,257.0,930.0,308.8333333333333,0
132,1,204,1.0493561699999816,0.0,1.0,0,310.1666666666667,257.0555555555556,919.0,307.1666666666667,0
147,1,161,1.045088961999994,0.0,1.0,1,308.5,257.6666666666667,921.3333333333334,309.5,0
147,1,472,1.0166833650000058,0.0,1.0,1,310.0,258.3888888888889,926.0,308.8333333333333,0
150,1,129,1.082397364000002,0.0,1.0,1,310.6666666666667,257.5555555555556,924.6666666666666,306.6666666666667,0
150,1,214,1.0463894990000142,0.0,1.0,1,309.5,256.77777777777777,924.6666666666666,306.1666666666667,0
150,1,206,1.0824219400000177,0.0,1.0,1,309.6666666666667,258.22222222222223,926.3333333333334,309.1666666666667,0
147,1,413,1.0392399799999907,0.0,1.0,1,310.0,257.11111111111114,923.6666666666666,308.6666666666667,0
149,1,45,1.0612262550000011,0.0,1.0,1,310.1666666666667,258.3333333333333,918.3333333333334,307.8333333333333,0
150,1,378,1.0779807630000278,0.0,1.0,1,310.5,258.5555555555556,925.6666666666666,308.5,0
207,1,155,1.0611340990000144,0.0,1.0,1,310.6666666666667,258.3333333333333,928.0,307.8333333333333,0
150,1,504,1.0366557259999354,0.0,1.0,1,309.3333333333333,257.72222222222223,926.3333333333334,305.8333333333333,0
198,1,64,1.049335666999994,0.0,1.0,1,308.5,257.5555555555556,924.6666666666666,308.5,0
146,1,94,1.0520787380000058,0.0,1.0,1,309.3333333333333,256.72222222222223,920.3333333333334,310.0,0
204,1,141,1.07634004800002,0.0,1.0,1,310.6666666666667,259.7222222222222,921.0,309.5,0
147,1,129,1.0353239279999968,0.0,1.0,1,310.6666666666667,257.5555555555556,924.6666666666666,306.6666666666667,0
192,1,347,1.053548520999982,0.0,1.0,0,309.6666666666667,257.6111111111111,928.6666666666666,309.3333333333333,0
150,1,218,1.076088591000001,0.0,1.0,1,310.0,258.0555555555556,925.3333333333334,306.6666666666667,0
146,1,28,1.0463329210000012,0.0,1.0,1,312.1666666666667,259.0,926.6666666666666,308.6666666666667,0
199,1,130,1.057045847000012,0.0,1.0,1,311.8333333333333,257.6666666666667,928.6666666666666,307.8333333333333,0
204,1,226,1.0434510829999797,0.0,1.0,1,311.1666666666667,256.55555555555554,927.3333333333334,305.3333333333333,0
147,1,288,1.0525103589999958,0.0,1.0,1,309.0,259.11111111111114,923.0,307.3333333333333,0
149,1,54,1.0553944360000005,0.0,1.0,1,311.8333333333333,256.88888888888886,915.6666666666666,309.3333333333333,0
198,1,115,1.058605485000001,0.0,1.0,1,308.3333333333333,259.8888888888889,924.0,308.3333333333333,0
204,1,390,1.094093154999996,0.0,1.0,1,311.0,257.9444444444444,927.6666666666666,307.8333333333333,0
150,1,367,1.040092766999976,0.0,1.0,1,313.6666666666667,256.4444444444445,920.0,307.6666666666667,0
149,1,100,1.052437933000007,0.0,1.0,1,311.6666666666667,257.4444444444445,926.3333333333334,308.1666666666667,0
204,1,543,1.034174527999994,0.0,1.0,1,311.5,256.77777777777777,920.6666666666666,308.6666666666667,0
146,1,95,1.0478138129999903,0.0,1.0,1,312.3333333333333,255.66666666666663,926.3333333333334,305.6666666666667,0
150,1,587,1.0568968060000543,0.0,1.0,1,309.6666666666667,259.0555555555556,926.3333333333334,307.6666666666667,0
199,1,259,1.0448297479999835,0.0,1.0,1,310.5,257.27777777777777,923.0,306.5,0
147,1,488,1.0294825350000565,0.0,1.0,1,311.5,258.61111111111114,924.0,308.6666666666667,0
150,1,375,1.0571360940000432,0.0,1.0,1,310.1666666666667,258.0,924.6666666666666,307.8333333333333,0
150,1,596,1.07786269799999,0.0,1.0,1,309.0,257.77777777777777,923.6666666666666,309.3333333333333,0
147,1,406,1.0692998110000076,0.0,1.0,1,310.8333333333333,259.5555555555556,923.3333333333334,310.6666666666667,0
146,1,19,1.0493179260000003,0.0,1.0,1,311.6666666666667,258.72222222222223,924.3333333333334,306.8333333333333,0
147,1,273,1.0507511000000136,0.0,1.0,1,308.3333333333333,258.0,922.3333333333334,312.0,0
150,1,584,1.0461640659999605,0.0,1.0,1,311.5,258.6666666666667,931.3333333333334,307.1666666666667,0
150,1,155,1.0513134390000118,0.0,1.0,1,310.6666666666667,258.3333333333333,928.0,307.8333333333333,0
149,1,63,1.0740863620000027,0.0,1.0,1,311.0,258.0555555555555,922.6666666666666,308.5,0
147,1,444,1.0496248389999892,0.0,1.0,1,312.8333333333333,257.77777777777777,923.6666666666666,309.8333333333333,0
150,1,547,1.0446873860000778,0.0,1.0,1,310.0,258.27777777777777,923.3333333333334,307.6666666666667,0
204,1,379,1.060596973000031,0.0,1.0,1,310.6666666666667,259.6111111111111,927.0,309.3333333333333,0
147,1,591,1.0457921219999662,0.0,1.0,1,306.5,257.27777777777777,926.6666666666666,308.1666666666667,0
150,1,158,1.0762260690000005,0.0,1.0,1,309.5,258.22222222222223,924.6666666666666,308.3333333333333,0
203,1,102,1.0645174080000004,0.0,1.0,1,310.0,258.44444444444446,927.3333333333334,308.8333333333333,0
199,1,363,1.085652092999965,0.0,1.0,1,312.8333333333333,259.0555555555556,922.6666666666666,307.0,0
147,1,408,1.0389738680000278,0.0,1.0,1,311.3333333333333,256.27777777777777,925.0,307.1666666666667,0
192,1,475,1.045898625999996,0.0,1.0,0,310.0,257.1666666666667,924.6666666666666,308.3333333333333,0
150,1,383,1.0698964850000152,0.0,1.0,1,309.1666666666667,258.6111111111111,922.3333333333334,308.8333333333333,0
147,1,464,1.0694334380000328,0.0,1.0,1,308.0,258.5555555555556,924.0,308.1666666666667,0
147,1,234,1.0995080710000025,0.0,1.0,1,309.5,257.94444444444446,927.0,311.6666666666667,0
201,1,478,1.046322800999974,0.0,1.0,1,310.1666666666667,258.6111111111111,926.3333333333334,308.6666666666667,0
201,1,150,1.0463141999999834,0.0,1.0,1,312.0,258.77777777777777,923.0,308.6666666666667,0
147,1,190,1.0415162400000213,0.0,1.0,1,309.6666666666667,257.61111111111114,920.3333333333334,309.8333333333333,0
150,1,192,1.0457046260000027,0.0,1.0,1,311.6666666666667,257.3333333333333,919.0,309.6666666666667,0
204,1,572,1.0452584149999211,0.0,1.0,1,310.8333333333333,256.3888888888889,924.3333333333334,311.1666666666667,0
147,1,273,1.0699870360000432,0.0,1.0,1,308.3333333333333,258.0,922.3333333333334,312.0,0
150,1,489,1.0614231340000515,0.0,1.0,1,312.3333333333333,256.72222222222223,924.6666666666666,308.0,0
201,1,409,1.0563732250000155,0.0,1.0,1,311.5,259.27777777777777,921.6666666666666,308.0,0
147,1,240,1.0570513339999934,0.0,1.0,1,309.0,256.1111111111111,931.0,308.5,0
150,1,265,1.0414431020000166,0.0,1.0,1,309.8333333333333,257.8333333333333,924.6666666666666,308.1666666666667,0
198,1,79,1.0486621319999898,0.0,1.0,1,309.3333333333333,257.7777777777778,925.0,306.6666666666667,0
150,1,157,1.0711424129999898,0.0,1.0,1,310.1666666666667,257.11111111111114,926.3333333333334,306.8333333333333,0
150,1,583,1.0260593560000189,0.0,1.0,1,308.5,258.5555555555556,922.6666666666666,307.1666666666667,0
147,1,598,1.049337486000013,0.0,1.0,1,313.0,258.27777777777777,922.3333333333334,306.8333333333333,0
204,1,405,1.0505621089999977,0.0,1.0,1,311.0,258.5,924.3333333333334,305.1666666666667,0
201,1,572,1.0394769880000467,0.0,1.0,1,310.8333333333333,256.3888888888889,924.3333333333334,311.1666666666667,0
199,1,365,1.0605449850000357,0.0,1.0,1,310.3333333333333,255.38888888888889,928.6666666666666,305.0,0
199,1,281,1.0467224039999792,0.0,1.0,1,310.3333333333333,259.05555555555554,925.0,308.3333333333333,0
147,1,251,1.0745132149999677,0.0,1.0,1,309.0,257.6666666666667,920.6666666666666,308.5,0
199,1,273,1.0519510920000243,0.0,1.0,1,308.3333333333333,258.0,922.3333333333334,312.0,0
200,1,88,1.0614409169999988,0.0,1.0,1,310.8333333333333,257.27777777777777,917.3333333333334,307.8333333333333,0
204,1,444,1.3028339289999735,0.0,1.0,1,312.8333333333333,257.77777777777777,923.6666666666666,309.8333333333333,0
204,1,388,1.077140859999986,0.0,1.0,1,311.0,257.3333333333333,927.3333333333334,305.6666666666667,0
199,1,344,1.0427886829999693,0.0,1.0,1,309.8333333333333,258.3888888888889,925.6666666666666,306.8333333333333,0
192,1,415,1.0512343679999958,0.0,1.0,0,312.1666666666667,257.61111111111114,925.0,308.1666666666667,0
150,1,581,1.0440383740000243,0.0,1.0,1,309.1666666666667,257.6666666666667,926.3333333333334,305.1666666666667,0
149,1,30,1.019895513999998,0.0,1.0,1,310.1666666666667,258.27777777777777,919.6666666666666,309.3333333333333,0
149,1,48,1.0543254449999964,0.0,1.0,1,310.3333333333333,259.0,923.6666666666666,308.0,0
150,1,152,1.048892139000003,0.0,1.0,1,310.6666666666667,258.27777777777777,918.0,305.3333333333333,0
144,1,574,1.0569807269999956,0.0,1.0,0,308.0,257.9444444444444,923.6666666666666,306.1666666666667,0
150,1,184,0.9953429610000056,0.0,1.0,1,309.1666666666667,258.6666666666667,917.0,307.8333333333333,0
207,1,252,1.065471577999972,0.0,1.0,1,310.6666666666667,258.22222222222223,924.0,304.3333333333333,0
150,1,264,1.0435158170000136,0.0,1.0,1,311.3333333333333,259.22222222222223,920.6666666666666,307.3333333333333,0
167,1,551,1.0560467020000033,0.0,1.0,0,309.1666666666667,258.5,924.0,308.0,0
207,1,449,1.0395798449999916,0.0,1.0,1,309.0,257.9444444444444,920.6666666666666,309.1666666666667,0
150,1,414,1.0611644479999995,0.0,1.0,1,311.6666666666667,258.5,919.3333333333334,309.3333333333333,0
147,1,216,1.055022938999997,0.0,1.0,1,311.1666666666667,258.5555555555556,923.3333333333334,306.6666666666667,0
150,1,461,1.0218968460000042,0.0,1.0,1,309.0,259.6666666666667,926.6666666666666,308.1666666666667,0
207,1,422,1.0611325990000182,0.0,1.0,1,307.1666666666667,258.77777777777777,919.3333333333334,308.1666666666667,0
132,1,529,1.0410838770000057,0.0,1.0,0,312.3333333333333,257.22222222222223,921.6666666666666,309.6666666666667,0
150,1,496,1.0298399819999986,0.0,1.0,1,311.6666666666667,258.3333333333333,929.6666666666666,308.8333333333333,0
147,1,308,1.0662646270000096,0.0,1.0,1,310.6666666666667,257.3333333333333,918.6666666666666,306.5,0
150,1,401,1.0245994930000393,0.0,1.0,1,307.3333333333333,258.0,926.3333333333334,310.1666666666667,0
199,1,309,1.0593564920000065,0.0,1.0,1,307.8333333333333,258.5,926.0,308.8333333333333,0
150,1,429,1.028819220999992,0.0,1.0,1,311.1666666666667,258.7222222222222,923.0,307.8333333333333,0
147,1,376,1.0419786110000473,0.0,1.0,1,310.1666666666667,258.0,926.0,310.6666666666667,0
147,1,232,1.0555682350000095,0.0,1.0,1,307.3333333333333,257.0,930.0,308.8333333333333,0
149,1,98,1.0585579739999955,0.0,1.0,1,309.6666666666667,257.8333333333333,930.3333333333334,308.1666666666667,0
146,1,89,1.0491092029999862,0.0,1.0,1,310.5,258.8333333333333,928.6666666666666,307.3333333333333,0
199,1,581,1.0362023430000136,0.0,1.0,1,309.1666666666667,257.6666666666667,926.3333333333334,305.1666666666667,0
200,1,118,1.0511125470000025,0.0,1.0,1,309.5,257.3333333333333,927.0,307.8333333333333,0
207,1,142,1.0301593389999937,0.0,1.0,1,311.1666666666667,257.5,923.3333333333334,306.3333333333333,0
150,1,598,1.0402824159999682,0.0,1.0,1,313.0,258.27777777777777,922.3333333333334,306.8333333333333,0
150,1,278,1.0556801239999911,0.0,1.0,1,309.5,258.3888888888889,918.3333333333334,308.5,0
199,1,266,1.0850931040000091,0.0,1.0,1,310.5,259.1111111111111,918.0,311.0,0
149,1,1,1.050145894,0.0,1.0,1,311.3333333333333,259.3333333333333,925.6666666666666,310.5,0
146,1,26,1.0568222509999998,0.0,1.0,1,308.8333333333333,257.4444444444445,923.3333333333334,308.0,0
152,1,74,1.0394416909999933,0.0,1.0,0,312.6666666666667,258.5,918.6666666666666,306.3333333333333,0
150,1,551,1.057450618999951,0.0,1.0,1,309.1666666666667,258.5,924.0,308.0,0
153,1,396,1.0488860169999723,0.0,1.0,0,309.8333333333333,258.4444444444445,924.3333333333334,308.0,0
150,1,285,1.067129585000032,0.0,1.0,1,310.6666666666667,257.3888888888889,926.0,306.0,0
146,1,125,1.0428678419999926,0.0,1.0,1,309.0,258.5,927.3333333333334,307.5,0
150,1,164,1.0658180660000198,0.0,1.0,1,309.6666666666667,257.3888888888889,925.3333333333334,310.8333333333333,0
147,1,182,1.071083310000006,0.0,1.0,1,311.6666666666667,258.5,929.0,309.1666666666667,0
150,1,546,1.061789593999947,0.0,1.0,1,311.0,257.0555555555555,926.6666666666666,309.8333333333333,0
199,1,192,1.0444275920000052,0.0,1.0,1,311.6666666666667,257.3333333333333,919.0,309.6666666666667,0
147,1,368,1.0577416450000214,0.0,1.0,1,308.0,258.1666666666667,919.3333333333334,306.8333333333333,0
144,1,505,1.080761536999944,0.0,1.0,0,308.3333333333333,256.6666666666667,927.0,308.0,0
150,1,206,1.091497822000008,0.0,1.0,1,309.6666666666667,258.22222222222223,926.3333333333334,309.1666666666667,0
147,1,235,1.0400410940000029,0.0,1.0,1,309.1666666666667,258.6666666666667,924.3333333333334,308.3333333333333,0
146,1,62,1.052372345000009,0.0,1.0,1,310.3333333333333,258.3333333333333,930.6666666666666,308.8333333333333,0
192,1,142,1.024694033000003,0.0,1.0,0,311.1666666666667,257.5,923.3333333333334,306.3333333333333,0
147,1,436,1.0412860010000031,0.0,1.0,1,308.5,258.5555555555556,929.3333333333334,307.6666666666667,0
207,1,478,1.0501638239999809,0.0,1.0,1,310.1666666666667,258.6111111111111,926.3333333333334,308.6666666666667,0
150,1,327,1.0444425160000037,0.0,1.0,1,311.1666666666667,258.38888888888886,925.0,309.1666666666667,0
147,1,559,1.0371867829999246,0.0,1.0,1,310.3333333333333,257.38888888888886,919.3333333333334,305.6666666666667,0
153,1,556,1.0378590580000946,0.0,1.0,0,311.1666666666667,259.77777777777777,917.0,306.3333333333333,0
146,1,116,1.0616788080000106,0.0,1.0,1,309.6666666666667,258.0555555555556,922.3333333333334,311.6666666666667,0
204,1,564,1.0421889030000102,0.0,1.0,1,310.6666666666667,258.6666666666667,918.0,310.3333333333333,0
199,1,258,1.0463317790000133,0.0,1.0,1,310.5,255.8888888888889,922.0,306.3333333333333,0
149,1,60,1.082573158999999,0.0,1.0,1,311.0,256.88888888888886,920.3333333333334,306.1666666666667,0
150,1,243,1.057573892999983,0.0,1.0,1,308.0,257.4444444444444,931.3333333333334,308.8333333333333,0
150,1,419,1.0453971279999903,0.0,1.0,1,309.5,256.0,925.6666666666666,306.1666666666667,0
147,1,589,1.0358339459999115,0.0,1.0,1,308.8333333333333,257.94444444444446,921.0,306.5,0
146,1,92,1.063050050000001,0.0,1.0,1,312.5,257.1666666666667,924.6666666666666,309.1666666666667,0
150,1,538,1.023883119000061,0.0,1.0,1,310.8333333333333,258.0,917.6666666666666,308.5,0
147,1,592,1.034296504999929,0.0,1.0,1,310.0,258.5555555555556,928.6666666666666,309.3333333333333,0
150,1,360,1.0510647019999624,0.0,1.0,1,309.8333333333333,259.3333333333333,920.6666666666666,310.6666666666667,0
204,1,432,1.0563178389999734,0.0,1.0,1,311.5,258.38888888888886,924.0,309.0,0
146,1,45,1.0640624569999986,0.0,1.0,1,310.1666666666667,258.3333333333333,918.3333333333334,307.8333333333333,0
150,1,344,1.0717814729999873,0.0,1.0,1,309.8333333333333,258.3888888888889,925.6666666666666,306.8333333333333,0
204,1,374,1.0805295799999612,0.0,1.0,1,309.6666666666667,257.77777777777777,922.0,305.5,0
203,1,121,1.0402637130000016,0.0,1.0,1,309.0,260.1666666666667,924.0,308.5,0
147,1,490,1.0303663880000613,0.0,1.0,1,310.1666666666667,256.3333333333333,924.0,308.1666666666667,0
147,1,564,1.0543987469999363,0.0,1.0,1,310.6666666666667,258.6666666666667,918.0,310.3333333333333,0
199,1,515,1.0481406979999974,0.0,1.0,1,307.0,258.4444444444445,922.0,308.3333333333333,0
149,1,102,1.0557527229999977,0.0,1.0,1,310.0,258.44444444444446,927.3333333333334,308.8333333333333,0
204,1,555,1.015041499000063,0.0,1.0,1,309.3333333333333,258.5555555555555,919.6666666666666,310.0,0
147,1,417,1.0400592160000317,0.0,1.0,1,311.5,258.1666666666667,924.6666666666666,307.6666666666667,0
193,1,490,1.013176640000097,0.0,1.0,1,310.1666666666667,256.3333333333333,924.0,308.1666666666667,0
198,1,85,1.0476450590000042,0.0,1.0,1,309.5,256.0,922.6666666666666,310.1666666666667,0
147,1,388,1.062673153999981,0.0,1.0,1,311.0,257.3333333333333,927.3333333333334,305.6666666666667,0
149,1,45,1.062137872000001,0.0,1.0,1,310.1666666666667,258.3333333333333,918.3333333333334,307.8333333333333,0
146,1,109,1.044631429000006,0.0,1.0,1,309.5,257.77777777777777,920.6666666666666,310.1666666666667,0
150,1,388,1.0719975009999985,0.0,1.0,1,311.0,257.3333333333333,927.3333333333334,305.6666666666667,0
147,1,401,1.0796669380000026,0.0,1.0,1,307.3333333333333,258.0,926.3333333333334,310.1666666666667,0
147,1,222,1.0559362619999888,0.0,1.0,1,309.0,256.4444444444444,921.0,305.8333333333333,0
204,1,388,1.0873458730000038,0.0,1.0,1,311.0,257.3333333333333,927.3333333333334,305.6666666666667,0
203,1,115,1.0658315069999986,0.0,1.0,1,308.3333333333333,259.8888888888889,924.0,308.3333333333333,0
192,1,298,1.0462004290000095,0.0,1.0,0,308.1666666666667,259.0,915.6666666666666,307.3333333333333,0
199,1,151,1.014220096999992,0.0,1.0,1,311.1666666666667,258.0,927.6666666666666,309.6666666666667,0
193,1,435,1.0449003489999882,0.0,1.0,1,312.3333333333333,258.4444444444445,925.3333333333334,305.1666666666667,0
203,1,100,1.0542871170000012,0.0,1.0,1,311.6666666666667,257.4444444444445,926.3333333333334,308.1666666666667,0
150,1,409,1.0494276150000132,0.0,1.0,1,311.5,259.27777777777777,921.6666666666666,308.0,0
147,1,319,1.0746335110000018,0.0,1.0,1,309.5,259.5,918.6666666666666,305.6666666666667,0
201,1,380,1.033443644999977,0.0,1.0,1,311.0,257.0555555555556,928.0,309.3333333333333,0
147,1,361,1.039818829000012,0.0,1.0,1,309.3333333333333,257.72222222222223,926.0,310.3333333333333,0
204,1,311,1.0827609020000182,0.0,1.0,1,307.5,256.77777777777777,923.6666666666666,306.0,0
204,1,403,1.055859048000002,0.0,1.0,1,309.5,259.0555555555555,921.6666666666666,309.6666666666667,0
147,1,193,1.0438940269999932,0.0,1.0,1,309.6666666666667,257.77777777777777,923.6666666666666,307.3333333333333,0
199,1,584,1.0487752249999858,0.0,1.0,1,311.5,258.6666666666667,931.3333333333334,307.1666666666667,0
150,1,298,1.049047540999993,0.0,1.0,1,308.1666666666667,259.0,915.6666666666666,307.3333333333333,0
149,1,0,1.064343333341124,0.0,1.0,1,310.5,258.3888888888889,926.0,309.5,0
146,1,101,1.078105635,0.0,1.0,1,312.1666666666667,257.55555555555554,926.3333333333334,310.0,0
150,1,141,1.0222472570000036,0.0,1.0,1,310.6666666666667,259.7222222222222,921.0,309.5,0
192,1,37,1.016688178999999,0.0,1.0,1,310.1666666666667,258.11111111111114,920.6666666666666,309.5,0
147,1,321,1.0592026649999866,0.0,1.0,1,310.1666666666667,258.3333333333333,920.6666666666666,305.8333333333333,0
149,1,51,1.0461452780000045,0.0,1.0,1,309.1666666666667,257.27777777777777,922.3333333333334,309.0,0
147,1,597,1.3621939809999049,0.0,1.0,1,307.8333333333333,257.22222222222223,922.3333333333334,306.6666666666667,0
147,1,218,1.0760942439999894,0.0,1.0,1,310.0,258.0555555555556,925.3333333333334,306.6666666666667,0
150,1,162,1.0576415099999965,0.0,1.0,1,309.6666666666667,257.72222222222223,917.6666666666666,305.3333333333333,0
147,1,334,1.0633668060000332,0.0,1.0,1,309.3333333333333,259.61111111111114,927.0,307.1666666666667,0
147,1,485,1.0577709419999335,0.0,1.0,1,309.8333333333333,258.61111111111114,922.0,308.5,0
149,1,93,1.048092299000004,0.0,1.0,1,308.1666666666667,259.5555555555556,922.6666666666666,306.1666666666667,0
147,1,478,1.038709009999991,0.0,1.0,1,310.1666666666667,258.6111111111111,926.3333333333334,308.6666666666667,0
150,1,150,1.0559585390000166,0.0,1.0,1,312.0,258.77777777777777,923.0,308.6666666666667,0
150,1,406,1.0633590559999675,0.0,1.0,1,310.8333333333333,259.5555555555556,923.3333333333334,310.6666666666667,0
144,1,244,1.043307843999969,0.0,1.0,0,311.0,257.3888888888889,922.0,309.6666666666667,0
146,1,98,1.0462287369999927,0.0,1.0,1,309.6666666666667,257.8333333333333,930.3333333333334,308.1666666666667,0
147,1,448,1.0339036749999764,0.0,1.0,1,312.0,258.3333333333333,925.0,310.3333333333333,0
146,1,104,1.073680744000001,0.0,1.0,1,307.1666666666667,256.05555555555554,926.0,308.1666666666667,0
147,1,267,1.0600833629999895,0.0,1.0,1,308.1666666666667,258.72222222222223,926.6666666666666,309.5,0
199,1,278,1.053916122999965,0.0,1.0,1,309.5,258.3888888888889,918.3333333333334,308.5,0
199,1,515,1.0476466029999756,0.0,1.0,1,307.0,258.4444444444445,922.0,308.3333333333333,0
201,1,431,1.0684849339999687,0.0,1.0,1,311.5,258.27777777777777,924.0,309.3333333333333,0
146,1,101,1.049890840000003,0.0,1.0,1,312.1666666666667,257.55555555555554,926.3333333333334,310.0,0
193,1,370,1.0457897940000294,0.0,1.0,1,310.6666666666667,257.9444444444444,927.6666666666666,309.0,0
198,1,115,1.0506475220000056,0.0,1.0,1,308.3333333333333,259.8888888888889,924.0,308.3333333333333,0
150,1,238,1.049654814999997,0.0,1.0,1,310.3333333333333,258.6666666666667,927.6666666666666,307.8333333333333,0
192,1,369,1.0746294539999894,0.0,1.0,0,310.5,257.9444444444444,916.0,307.1666666666667,0
150,1,569,1.0451684019999448,0.0,1.0,1,306.3333333333333,258.1666666666667,921.3333333333334,308.5,0
192,1,41,1.0444715520000043,0.0,1.0,1,310.1666666666667,255.7222222222222,920.6666666666666,308.1666666666667,0
147,1,590,1.0547299370000474,0.0,1.0,1,311.5,258.8888888888889,921.0,309.3333333333333,0
200,1,34,1.056055956999998,0.0,1.0,1,309.3333333333333,258.6111111111111,923.0,306.0,0
199,1,220,1.0644389800000056,0.0,1.0,1,307.8333333333333,257.4444444444444,925.3333333333334,308.0,0
146,1,11,1.0220074990000008,0.0,1.0,1,349.6666666666667,291.8888888888889,992.0,328.0,1
149,1,10,1.0464255429999998,0.0,1.0,1,3154.6666666666665,1128.8333333333333,461.1666666666667,0.0,1
150,1,9999,0.0086323959999994,0.0,9989.0,1,309.0,258.5,922.0,308.3333333333333,1
149,2,0,0.7648065029999991,1.0,-14.0,1,311.0,259.1666666666667,925.6666666666666,309.0,1
143,0,1252,0.0086659879999988,0.0,1.0,1,621.3333333333334,1550.3333333333333,1851.3333333333333,308.5,1
143,0,4684,0.0036223970000008,0.0,1.0,1,310.3333333333333,176.94444444444446,930.6666666666666,308.8333333333333,1
203,5,0,0.5689548670000022,4.0,-147.0,1,310.3333333333333,258.4444444444444,924.0,305.6666666666667,1
203,5,1,0.5271580370000208,4.0,-147.0,1,312.1666666666667,257.3888888888889,927.3333333333334,308.1666666666667,1
203,1,11,0.0030486449999997,0.0,1.0,1,309.0,258.5,922.0,308.3333333333333,1
