Circuit breaker Open/Close Status,Source,Length,goID,heartbeat,I-high VT,I-high VT- Tran,I-low VT- Tran,I-amongst-feeders,sqNum,stNum,dif_stNum,dif_sqNum,Label
0,20:7b:d2:51:2a:32,133,Txfmr1,0.3075949999999992,3736323,3736323,11832972,-15569296,0,8,1.0,-191.0,1
0,20:7b:d2:51:2a:32,133,Txfmr1,0.0,3736323,3736323,11832972,-15569296,1,8,0.0,1.0,1
0,20:7b:d2:51:2a:32,133,Txfmr1,0.0,3736323,3736323,11832972,-15569296,2,8,0.0,1.0,1
0,20:7b:d2:51:2a:32,133,Txfmr1,0.0,3736323,3736323,11832972,-15569296,3,8,0.0,1.0,1
0,20:7b:d2:51:2a:32,133,Txfmr1,0.0,3736323,3736323,11832972,-15569296,4,8,0.0,1.0,1
0,20:7b:d2:51:2a:32,133,Txfmr1,0.0,3736323,3736323,11832972,-15569296,5,8,0.0,1.0,1
0,20:7b:d2:51:2a:32,133,Txfmr1,0.0,3736323,3736323,11832972,-15569296,6,8,0.0,1.0,1
0,20:7b:d2:51:2a:32,133,Txfmr1,0.0,3736323,3736323,11832972,-15569296,7,8,0.0,1.0,1
0,20:7b:d2:51:2a:32,133,Txfmr1,0.0,3736323,3736323,11832972,-15569296,8,8,0.0,1.0,1
0,20:7b:d2:51:2a:32,133,Txfmr1,0.0,3736323,3736323,11832972,-15569296,9,8,0.0,1.0,1
0,00:30:a7:26:e8:39,132,Txfmr1,0.7617060000000002,-134958,-134958,14145252,-14010294,0,6,1.0,-238.0,1
0,00:30:a7:26:e8:39,132,Txfmr1,0.0041030000000006,-16216767,-16216767,9096293,7120473,1,6,0.0,1.0,1
0,00:30:a7:26:e8:39,133,Txfmr1,0.0045839999999994,1409554,1409554,-14734278,13324723,2,6,0.0,1.0,1
0,00:30:a7:26:e8:39,133,Txfmr1,0.0083280000000005,-1409919,-1409919,14732315,-13322395,3,6,0.0,1.0,1
0,00:30:a7:26:e8:39,133,Txfmr1,1.0012679999999996,-8682638,-8682638,16247831,-7565193,4,6,0.0,1.0,1
0,00:30:a7:26:e8:39,133,Txfmr1,1.0008300000000006,-12558827,-12558827,15223757,-2664929,5,6,0.0,1.0,1
0,00:30:a7:26:e8:39,133,Txfmr1,1.0006799999999991,-1868,-1868,1172,1883,6,6,0.0,1.0,1
0,00:30:a7:26:e8:39,133,Txfmr1,1.0009249999999987,1755,1755,-1099,-1768,7,6,0.0,1.0,1
0,00:30:a7:26:e8:39,133,Txfmr1,1.000909,-1658,-1658,1041,1672,8,6,0.0,1.0,1
0,00:30:a7:26:e8:39,133,Txfmr1,1.0009370000000004,1785,1785,-1119,-1799,9,6,0.0,1.0,1
0,00:30:a7:26:e8:39,133,Txfmr1,1.000916,-1684,-1684,1058,1698,10,6,0.0,1.0,1
0,00:30:a7:26:e8:39,133,Txfmr1,1.0009510000000006,-1798,-1798,1130,1813,11,6,0.0,1.0,1
0,00:30:a7:26:e8:39,133,Txfmr1,1.0009189999999997,1718,1718,-1078,-1732,12,6,0.0,1.0,1
0,00:30:a7:26:e8:39,133,Txfmr1,1.0012180000000015,685,685,-429,-690,13,6,0.0,1.0,1
0,00:30:a7:26:e8:39,133,Txfmr1,1.0006570000000004,1737,1737,-1090,-1751,14,6,0.0,1.0,1
0,00:30:a7:26:e8:39,133,Txfmr1,1.0009429999999997,-1638,-1638,1030,1652,15,6,0.0,1.0,1
0,00:30:a7:26:e8:39,133,Txfmr1,1.001155000000001,2002,2002,-1258,-2018,16,6,0.0,1.0,1
0,00:30:a7:26:e8:39,133,Txfmr1,1.0007319999999993,-1666,-1666,1049,1680,17,6,0.0,1.0,1
1,00:30:a7:26:e8:39,133,Txfmr1,1.000525,-12351295,-12351295,-2980466,15331762,34,5,0.0,1.0,0
1,00:30:a7:26:e8:39,133,Txfmr1,1.000909,-7293362,-7293362,-8937855,16231217,35,5,0.0,1.0,0
1,00:30:a7:26:e8:39,133,Txfmr1,1.000946,-2361366,-2361366,-12750387,15111753,36,5,0.0,1.0,0
1,00:30:a7:26:e8:39,133,Txfmr1,1.0009330000000003,-14663002,-14663002,1247017,13415984,37,5,0.0,1.0,0
1,00:30:a7:26:e8:39,133,Txfmr1,1.0009749999999995,-11718097,-11718097,-3901934,15620031,38,5,0.0,1.0,0
1,00:30:a7:26:e8:39,133,Txfmr1,1.0008879999999998,-6436118,-6436118,-9713005,16149123,39,5,0.0,1.0,0
1,00:30:a7:26:e8:39,133,Txfmr1,1.0010980000000007,-149293,-149293,-14006630,14155923,40,5,0.0,1.0,0
1,00:30:a7:26:e8:39,133,Txfmr1,1.0008019999999993,4964653,4964653,-15891413,10926759,41,5,0.0,1.0,0
1,00:30:a7:26:e8:39,133,Txfmr1,1.0012280000000011,-9785922,-9785922,-6348501,16134424,42,5,0.0,1.0,0
1,00:30:a7:26:e8:39,133,Txfmr1,1.0007859999999995,-6412200,-6412200,-9734474,16146674,43,5,0.0,1.0,0
1,00:30:a7:26:e8:39,133,Txfmr1,1.0010949999999994,-120411,-120411,-14021935,14142347,44,5,0.0,1.0,0
1,00:30:a7:26:e8:39,133,Txfmr1,1.000546,3759946,3759946,-15579324,11819377,45,5,0.0,1.0,0
1,00:30:a7:26:e8:39,133,Txfmr1,1.0009119999999996,8533387,8533387,-16252097,7718709,46,5,0.0,1.0,0
1,00:30:a7:26:e8:39,133,Txfmr1,1.0009080000000008,-6990421,-6990421,-9218292,16208713,47,5,0.0,1.0,0
1,00:30:a7:26:e8:39,133,Txfmr1,1.0009420000000002,-2030967,-2030967,-12955106,14986073,48,5,0.0,1.0,0
1,00:30:a7:26:e8:39,133,Txfmr1,1.0010019999999995,4379213,4379213,-15750850,11371636,49,5,0.0,1.0,0
1,00:30:a7:26:e8:39,133,Txfmr1,1.000896000000001,9071558,9071558,-16221613,7150054,50,5,0.0,1.0,0
1,00:30:a7:26:e8:39,133,Txfmr1,1.0011069999999975,13591021,13591021,-14525994,934972,51,5,0.0,1.0,0
1,00:30:a7:26:e8:39,133,Txfmr1,1.0007180000000029,-171483,-171483,-13994870,14166354,52,5,0.0,1.0,0
1,00:30:a7:26:e8:39,133,Txfmr1,1.0009319999999988,4942689,4942689,-15886022,10943333,53,5,0.0,1.0,0
1,00:30:a7:26:e8:39,133,Txfmr1,1.0010970000000017,10549442,10549442,-15990142,5440699,54,5,0.0,1.0,0
1,00:30:a7:26:e8:39,133,Txfmr1,1.000799999999998,13906391,13906391,-14250030,343638,55,5,0.0,1.0,0
1,00:30:a7:26:e8:39,133,Txfmr1,1.0008690000000016,15846938,15846938,-11074302,-4772635,56,5,0.0,1.0,0
1,00:30:a7:26:e8:39,133,Txfmr1,1.0009610000000002,4968940,4968940,-15892465,10923524,57,5,0.0,1.0,0
1,00:30:a7:26:e8:39,133,Txfmr1,1.0008959999999971,9575308,9575308,-16168112,6592803,58,5,0.0,1.0,0
1,00:30:a7:26:e8:39,133,Txfmr1,1.000935000000002,13920780,13920780,-14237724,316943,59,5,0.0,1.0,0
1,00:30:a7:26:e8:39,133,Txfmr1,1.001155000000001,16089404,16089404,-10086172,-6003231,60,5,0.0,1.0,0
1,00:30:a7:26:e8:39,133,Txfmr1,1.0006799999999991,16185539,16185539,-6751599,-9433940,61,5,0.0,1.0,0
1,00:30:a7:26:e8:39,133,Txfmr1,1.0012340000000002,11708221,11708221,-15620217,3911996,62,5,0.0,1.0,0
1,00:30:a7:26:e8:39,133,Txfmr1,1.000626999999998,14061903,14061903,-14100662,38759,63,5,0.0,1.0,0
1,00:30:a7:26:e8:39,133,Txfmr1,1.0009230000000002,16127338,16127338,-9862451,-6264887,64,5,0.0,1.0,0
1,00:30:a7:26:e8:39,133,Txfmr1,1.0010340000000006,15673424,15673424,-4084005,-11589418,65,5,0.0,1.0,0
1,00:30:a7:26:e8:39,133,Txfmr1,1.000911000000002,13519782,13519782,1064763,-14584545,66,5,0.0,1.0,0
1,00:30:a7:26:e8:39,133,Txfmr1,1.000906999999998,14075109,14075109,-14088602,13492,67,5,0.0,1.0,0
1,00:30:a7:26:e8:39,133,Txfmr1,1.000906999999998,16131797,16131797,-9839797,-6291999,68,5,0.0,1.0,0
1,00:30:a7:26:e8:39,133,Txfmr1,1.0010410000000007,15661168,15661168,-4057051,-11604117,69,5,0.0,1.0,0
1,00:30:a7:26:e8:39,133,Txfmr1,1.000793999999999,14172701,14172701,-183459,-13989241,70,5,0.0,1.0,0
1,00:30:a7:26:e8:39,133,Txfmr1,1.0012590000000046,8939392,8939392,7288836,-16228229,71,5,0.0,1.0,0
1,00:30:a7:26:e8:39,133,Txfmr1,1.000586999999996,15790994,15790994,-11255544,-4535450,72,5,0.0,1.0,0
1,00:30:a7:26:e8:39,133,Txfmr1,1.0009900000000016,16062285,16062285,-5834000,-10228285,73,5,0.0,1.0,0
1,00:30:a7:26:e8:39,133,Txfmr1,1.0008570000000034,14451224,14451224,-768987,-13682236,74,5,0.0,1.0,0
1,00:30:a7:26:e8:39,133,Txfmr1,1.0009239999999977,11383917,11383917,4363180,-15747098,75,5,0.0,1.0,0
1,00:30:a7:26:e8:39,133,Txfmr1,1.0009220000000028,5992724,5992724,10095260,-16087984,76,5,0.0,1.0,0
1,00:30:a7:26:e8:39,133,Txfmr1,1.000941999999995,16109618,16109618,-6138809,-9970808,77,5,0.0,1.0,0
1,00:30:a7:26:e8:39,133,Txfmr1,1.000985,13990239,13990239,173893,-14164133,78,5,0.0,1.0,0
1,00:30:a7:26:e8:39,133,Txfmr1,1.0009140000000016,10687859,10687859,5269611,-15957471,79,5,0.0,1.0,0
1,00:30:a7:26:e8:39,133,Txfmr1,1.0011149999999986,3877230,3877230,11733751,-15610982,80,5,0.0,1.0,0
1,00:30:a7:26:e8:39,133,Txfmr1,1.0006920000000008,2395,2395,14076744,-14079140,81,5,0.0,1.0,0
1,00:30:a7:26:e8:39,133,Txfmr1,1.000914999999999,14309327,14309327,-465341,-13843985,82,5,0.0,1.0,0
1,00:30:a7:26:e8:39,133,Txfmr1,1.000930000000004,10194870,10194870,5867972,-16062843,83,5,0.0,1.0,0
1,00:30:a7:26:e8:39,133,Txfmr1,1.0009209999999982,5716182,5716182,10325695,-16041877,84,5,0.0,1.0,0
1,00:30:a7:26:e8:39,133,Txfmr1,1.0009329999999963,638372,638372,13752315,-14390688,85,5,0.0,1.0,0
1,00:30:a7:26:e8:39,133,Txfmr1,1.0009310000000011,-5704144,-5704144,16034922,-10330777,86,5,0.0,1.0,0
1,00:30:a7:26:e8:39,133,Txfmr1,1.0011070000000046,10411047,10411047,5606808,-16017856,87,5,0.0,1.0,0
